Using pre-set license
Built from '2022.3/respin/2022.3.62f2-4af31df585-v2' branch; Version is '2022.3.62f3 (96770f904ca7) revision 9860879'; Using compiler version '192829333'; Build Type 'Release'
OS: 'Windows 11  (10.0.26200) 64bit Core' Language: 'en' Physical Memory: 32620 MB
BatchMode: 1, IsHumanControllingUs: 0, StartBugReporterOnCrash: 0, Is64bit: 1, IsPro: 1

COMMAND LINE ARGUMENTS:
C:\Program Files\Unity\Hub\Editor\2022.3.62f3\Editor\Unity.exe
-adb2
-batchMode
-noUpm
-name
AssetImportWorker0
-projectPath
C:/Users/rapha/PersonalProjects/SimpleRhythmGame/Simple Dual Rhythm Game
-logFile
Logs/AssetImportWorker0.log
-srvPort
50952
Successfully changed project path to: C:/Users/rapha/PersonalProjects/SimpleRhythmGame/Simple Dual Rhythm Game
C:/Users/rapha/PersonalProjects/SimpleRhythmGame/Simple Dual Rhythm Game
[UnityMemory] Configuration Parameters - Can be set up in boot.config
    "memorysetup-bucket-allocator-granularity=16"
    "memorysetup-bucket-allocator-bucket-count=8"
    "memorysetup-bucket-allocator-block-size=33554432"
    "memorysetup-bucket-allocator-block-count=8"
    "memorysetup-main-allocator-block-size=16777216"
    "memorysetup-thread-allocator-block-size=16777216"
    "memorysetup-gfx-main-allocator-block-size=16777216"
    "memorysetup-gfx-thread-allocator-block-size=16777216"
    "memorysetup-cache-allocator-block-size=4194304"
    "memorysetup-typetree-allocator-block-size=2097152"
    "memorysetup-profiler-bucket-allocator-granularity=16"
    "memorysetup-profiler-bucket-allocator-bucket-count=8"
    "memorysetup-profiler-bucket-allocator-block-size=33554432"
    "memorysetup-profiler-bucket-allocator-block-count=8"
    "memorysetup-profiler-allocator-block-size=16777216"
    "memorysetup-profiler-editor-allocator-block-size=1048576"
    "memorysetup-temp-allocator-size-main=16777216"
    "memorysetup-job-temp-allocator-block-size=2097152"
    "memorysetup-job-temp-allocator-block-size-background=1048576"
    "memorysetup-job-temp-allocator-reduction-small-platforms=262144"
    "memorysetup-allocator-temp-initial-block-size-main=262144"
    "memorysetup-allocator-temp-initial-block-size-worker=262144"
    "memorysetup-temp-allocator-size-background-worker=32768"
    "memorysetup-temp-allocator-size-job-worker=262144"
    "memorysetup-temp-allocator-size-preload-manager=33554432"
    "memorysetup-temp-allocator-size-nav-mesh-worker=65536"
    "memorysetup-temp-allocator-size-audio-worker=65536"
    "memorysetup-temp-allocator-size-cloud-worker=32768"
    "memorysetup-temp-allocator-size-gi-baking-worker=262144"
    "memorysetup-temp-allocator-size-gfx=262144"
Player connection [7024]  Target information:

Player connection [7024]  * "[IP] 172.18.237.237 [Port] 0 [Flags] 2 [Guid] 1295366833 [EditorId] 1295366833 [Version] 1048832 [Id] WindowsEditor(7,LAPTOP-0E7LHGGO) [Debug] 1 [PackageName] WindowsEditor [ProjectName] Editor" 

Player connection [7024] Host joined multi-casting on [225.0.0.222:54997]...
Player connection [7024] Host joined alternative multi-casting on [225.0.0.222:34997]...
Input System module state changed to: Initialized.
[PhysX] Initialized MultithreadedTaskDispatcher with 16 workers.
Refreshing native plugins compatible for Editor in 21.71 ms, found 3 plugins.
Preloading 0 native plugins for Editor in 0.00 ms.
Initialize engine version: 2022.3.62f3 (96770f904ca7)
[Subsystems] Discovering subsystems at path C:/Program Files/Unity/Hub/Editor/2022.3.62f3/Editor/Data/Resources/UnitySubsystems
[Subsystems] Discovering subsystems at path C:/Users/rapha/PersonalProjects/SimpleRhythmGame/Simple Dual Rhythm Game/Assets
GfxDevice: creating device client; threaded=0; jobified=0
Direct3D:
    Version:  Direct3D 11.0 [level 11.1]
    Renderer: NVIDIA GeForce RTX 3070 Laptop GPU (ID=0x24dd)
    Vendor:   NVIDIA
    VRAM:     8033 MB
    Driver:   31.0.15.4630
Initialize mono
Mono path[0] = 'C:/Program Files/Unity/Hub/Editor/2022.3.62f3/Editor/Data/Managed'
Mono path[1] = 'C:/Program Files/Unity/Hub/Editor/2022.3.62f3/Editor/Data/MonoBleedingEdge/lib/mono/unityjit-win32'
Mono config path = 'C:/Program Files/Unity/Hub/Editor/2022.3.62f3/Editor/Data/MonoBleedingEdge/etc'
Using monoOptions --debugger-agent=transport=dt_socket,embedding=1,server=y,suspend=n,address=127.0.0.1:56200
Begin MonoManager ReloadAssembly
Registering precompiled unity dll's ...
Register platform support module: C:/Program Files/Unity/Hub/Editor/2022.3.62f3/Editor/Data/PlaybackEngines/WindowsStandaloneSupport/UnityEditor.WindowsStandalone.Extensions.dll
Registered in 0.006704 seconds.
- Loaded All Assemblies, in  0.327 seconds
Native extension for WindowsStandalone target not found
Mono: successfully reloaded assembly
- Finished resetting the current domain, in  0.274 seconds
Domain Reload Profiling: 600ms
	BeginReloadAssembly (109ms)
		ExecutionOrderSort (0ms)
		DisableScriptedObjects (0ms)
		BackupInstance (0ms)
		ReleaseScriptingObjects (0ms)
		CreateAndSetChildDomain (1ms)
	RebuildCommonClasses (31ms)
	RebuildNativeTypeToScriptingClass (8ms)
	initialDomainReloadingComplete (55ms)
	LoadAllAssembliesAndSetupDomain (122ms)
		LoadAssemblies (107ms)
		RebuildTransferFunctionScriptingTraits (0ms)
		AnalyzeDomain (120ms)
			TypeCache.Refresh (118ms)
				TypeCache.ScanAssembly (107ms)
			ScanForSourceGeneratedMonoScriptInfo (0ms)
			ResolveRequiredComponents (1ms)
	FinalizeReload (275ms)
		ReleaseScriptCaches (0ms)
		RebuildScriptCaches (0ms)
		SetupLoadedEditorAssemblies (228ms)
			LogAssemblyErrors (0ms)
			InitializePlatformSupportModulesInManaged (10ms)
			SetLoadedEditorAssemblies (7ms)
			RefreshPlugins (0ms)
			BeforeProcessingInitializeOnLoad (2ms)
			ProcessInitializeOnLoadAttributes (161ms)
			ProcessInitializeOnLoadMethodAttributes (48ms)
			AfterProcessingInitializeOnLoad (0ms)
			EditorAssembliesLoaded (0ms)
		ExecutionOrderSort2 (0ms)
		AwakeInstancesAfterBackupRestoration (0ms)
========================================================================
Worker process is ready to serve import requests
Caller must complete domain reload
Begin MonoManager ReloadAssembly
Symbol file LoadedFromMemory is not a mono symbol file
- Loaded All Assemblies, in  0.940 seconds
Native extension for WindowsStandalone target not found
Mono: successfully reloaded assembly
- Finished resetting the current domain, in  1.023 seconds
Domain Reload Profiling: 1958ms
	BeginReloadAssembly (134ms)
		ExecutionOrderSort (0ms)
		DisableScriptedObjects (5ms)
		BackupInstance (0ms)
		ReleaseScriptingObjects (0ms)
		CreateAndSetChildDomain (22ms)
	RebuildCommonClasses (28ms)
	RebuildNativeTypeToScriptingClass (8ms)
	initialDomainReloadingComplete (40ms)
	LoadAllAssembliesAndSetupDomain (724ms)
		LoadAssemblies (476ms)
		RebuildTransferFunctionScriptingTraits (0ms)
		AnalyzeDomain (324ms)
			TypeCache.Refresh (273ms)
				TypeCache.ScanAssembly (247ms)
			ScanForSourceGeneratedMonoScriptInfo (38ms)
			ResolveRequiredComponents (11ms)
	FinalizeReload (1023ms)
		ReleaseScriptCaches (0ms)
		RebuildScriptCaches (0ms)
		SetupLoadedEditorAssemblies (846ms)
			LogAssemblyErrors (0ms)
			InitializePlatformSupportModulesInManaged (7ms)
			SetLoadedEditorAssemblies (5ms)
			RefreshPlugins (0ms)
			BeforeProcessingInitializeOnLoad (146ms)
			ProcessInitializeOnLoadAttributes (497ms)
			ProcessInitializeOnLoadMethodAttributes (180ms)
			AfterProcessingInitializeOnLoad (10ms)
			EditorAssembliesLoaded (0ms)
		ExecutionOrderSort2 (0ms)
		AwakeInstancesAfterBackupRestoration (8ms)
Launched and connected shader compiler UnityShaderCompiler.exe after 0.05 seconds
Refreshing native plugins compatible for Editor in 11.74 ms, found 3 plugins.
Preloading 0 native plugins for Editor in 0.00 ms.
Unloading 6656 Unused Serialized files (Serialized files now loaded: 0)
Unloading 50 unused Assets / (2.2 MB). Loaded Objects now: 7122.
Memory consumption went from 263.8 MB to 261.6 MB.
Total: 10.403900 ms (FindLiveObjects: 0.597000 ms CreateObjectMapping: 0.556600 ms MarkObjects: 8.671200 ms  DeleteObjects: 0.577400 ms)

AssetImportParameters requested are different than current active one (requested -> active):
  custom:container-demuxer-ogg: 62fdf1f143b41e24485cea50d1cbac27 -> 
  custom:framework-win-MediaFoundation: 216162199b28c13a410421893ffa2e32 -> 
  custom:container-muxer-webm: aa71ff27fc2769a1b78a27578f13a17b -> 
  custom:video-decoder-webm-vp8: 9c59270c3fd7afecdb556c50c9e8de78 -> 
  custom:SearchIndexIgnoredProperties: e643bd26f0fe6173181afceb89e7c659 -> 
  custom:AudioImporter_EditorPlatform: d09bf68614088b80899f8185d706f6e7 -> 
  custom:audio-decoder-ogg-vorbis: bf7c407c2cedff20999df2af8eb42d56 -> 
  custom:audio-encoder-webm-vorbis: bf7c407c2cedff20999df2af8eb42d56 -> 
  custom:video-codec-MediaFoundation-h265: 746d11721c4dcdbdad8f713fa42b33f4 -> 
  custom:video-decoder-ogg-theora: a1e56fd34408186e4bbccfd4996cb3dc -> 
  custom:CustomObjectIndexerAttribute: 3ead1caaecf1c488f20bcfeb224b6af5 -> 
  custom:container-demuxer-webm: 4f35f7cbe854078d1ac9338744f61a02 -> 
  custom:video-encoder-webm-vp8: eb34c28f22e8b96e1ab97ce403110664 -> 
========================================================================
Received Import Request.
  Time since last request: 1928054.636524 seconds.
  path: Assets/Prefabs/Tutorial Steps/Duel/TutorialStep_Template 1.prefab
  artifactKey: Guid(c8f28d653aae44441a71e5fc7459eabe) Importer(815301076,1909f56bfc062723c751e8b465ee728b)
Start importing Assets/Prefabs/Tutorial Steps/Duel/TutorialStep_Template 1.prefab using Guid(c8f28d653aae44441a71e5fc7459eabe) Importer(815301076,1909f56bfc062723c751e8b465ee728b) [PhysX] Initialized MultithreadedTaskDispatcher with 16 workers.
 -> (artifact id: '973ab981c0e5dafb45eb6e68442e98dd') in 0.036354 seconds
Number of updated asset objects reloaded before import = 0
Number of asset objects unloaded after import = 5
========================================================================
Received Import Request.
  Time since last request: 10.493540 seconds.
  path: Assets/Prefabs/Tutorial Steps/Duel/Duel_TutorialStep_00 1.prefab
  artifactKey: Guid(99d8017cb0da6d448b1378880828a91a) Importer(815301076,1909f56bfc062723c751e8b465ee728b)
Start importing Assets/Prefabs/Tutorial Steps/Duel/Duel_TutorialStep_00 1.prefab using Guid(99d8017cb0da6d448b1378880828a91a) Importer(815301076,1909f56bfc062723c751e8b465ee728b) [PhysX] Initialized MultithreadedTaskDispatcher with 16 workers.
 -> (artifact id: '5199f89b368587c48965cff75977b28b') in 0.005589 seconds
Number of updated asset objects reloaded before import = 0
Number of asset objects unloaded after import = 6
========================================================================
Received Import Request.
  Time since last request: 1.877619 seconds.
  path: Assets/Prefabs/Tutorial Steps/Duel/Duel_TutorialStep_00 2.prefab
  artifactKey: Guid(68eee6f66a4847c44985a09a592d35ed) Importer(815301076,1909f56bfc062723c751e8b465ee728b)
Start importing Assets/Prefabs/Tutorial Steps/Duel/Duel_TutorialStep_00 2.prefab using Guid(68eee6f66a4847c44985a09a592d35ed) Importer(815301076,1909f56bfc062723c751e8b465ee728b) [PhysX] Initialized MultithreadedTaskDispatcher with 16 workers.
 -> (artifact id: '1010a0eb703ce36199f641081adfb543') in 0.002318 seconds
Number of updated asset objects reloaded before import = 0
Number of asset objects unloaded after import = 6
========================================================================
Received Import Request.
  Time since last request: 0.270684 seconds.
  path: Assets/Prefabs/Tutorial Steps/Duel/Duel_TutorialStep_00 3.prefab
  artifactKey: Guid(85af67e221de94b43aaab263f3da3160) Importer(815301076,1909f56bfc062723c751e8b465ee728b)
Start importing Assets/Prefabs/Tutorial Steps/Duel/Duel_TutorialStep_00 3.prefab using Guid(85af67e221de94b43aaab263f3da3160) Importer(815301076,1909f56bfc062723c751e8b465ee728b) [PhysX] Initialized MultithreadedTaskDispatcher with 16 workers.
 -> (artifact id: '364f73c432c5727df67916c58817b792') in 0.002952 seconds
Number of updated asset objects reloaded before import = 0
Number of asset objects unloaded after import = 6
========================================================================
Received Import Request.
  Time since last request: 0.213523 seconds.
  path: Assets/Prefabs/Tutorial Steps/Duel/Duel_TutorialStep_00 4.prefab
  artifactKey: Guid(de0f1f50d0cd88e4b8c37aa37cb24581) Importer(815301076,1909f56bfc062723c751e8b465ee728b)
Start importing Assets/Prefabs/Tutorial Steps/Duel/Duel_TutorialStep_00 4.prefab using Guid(de0f1f50d0cd88e4b8c37aa37cb24581) Importer(815301076,1909f56bfc062723c751e8b465ee728b) [PhysX] Initialized MultithreadedTaskDispatcher with 16 workers.
 -> (artifact id: 'eee5a35b748f3c0f4694503cef536cc6') in 0.002373 seconds
Number of updated asset objects reloaded before import = 0
Number of asset objects unloaded after import = 6
========================================================================
Received Import Request.
  Time since last request: 0.213601 seconds.
  path: Assets/Prefabs/Tutorial Steps/Duel/Duel_TutorialStep_00 5.prefab
  artifactKey: Guid(3cf13c4fb4997564899fe77902fd0982) Importer(815301076,1909f56bfc062723c751e8b465ee728b)
Start importing Assets/Prefabs/Tutorial Steps/Duel/Duel_TutorialStep_00 5.prefab using Guid(3cf13c4fb4997564899fe77902fd0982) Importer(815301076,1909f56bfc062723c751e8b465ee728b) [PhysX] Initialized MultithreadedTaskDispatcher with 16 workers.
 -> (artifact id: '520bb311ba112f14237e03882849313b') in 0.002524 seconds
Number of updated asset objects reloaded before import = 0
Number of asset objects unloaded after import = 6
========================================================================
Received Import Request.
  Time since last request: 0.165387 seconds.
  path: Assets/Prefabs/Tutorial Steps/Duel/Duel_TutorialStep_00 6.prefab
  artifactKey: Guid(13717845ac55fe44b8b4c5607acb3355) Importer(815301076,1909f56bfc062723c751e8b465ee728b)
Start importing Assets/Prefabs/Tutorial Steps/Duel/Duel_TutorialStep_00 6.prefab using Guid(13717845ac55fe44b8b4c5607acb3355) Importer(815301076,1909f56bfc062723c751e8b465ee728b) [PhysX] Initialized MultithreadedTaskDispatcher with 16 workers.
 -> (artifact id: 'b39c5e1ba60f21386b2e7d8cf9815f69') in 0.002514 seconds
Number of updated asset objects reloaded before import = 0
Number of asset objects unloaded after import = 6
========================================================================
Received Import Request.
  Time since last request: 0.378720 seconds.
  path: Assets/Prefabs/Tutorial Steps/Duel/Duel_TutorialStep_00 7.prefab
  artifactKey: Guid(4a7e71f97abd0024ea81da57a0da155b) Importer(815301076,1909f56bfc062723c751e8b465ee728b)
Start importing Assets/Prefabs/Tutorial Steps/Duel/Duel_TutorialStep_00 7.prefab using Guid(4a7e71f97abd0024ea81da57a0da155b) Importer(815301076,1909f56bfc062723c751e8b465ee728b) [PhysX] Initialized MultithreadedTaskDispatcher with 16 workers.
 -> (artifact id: '4ac7f29d8a1aaed93b4341cfb1e4aa21') in 0.002104 seconds
Number of updated asset objects reloaded before import = 0
Number of asset objects unloaded after import = 6
========================================================================
Received Import Request.
  Time since last request: 0.392290 seconds.
  path: Assets/Prefabs/Tutorial Steps/Duel/Duel_TutorialStep_00 8.prefab
  artifactKey: Guid(402cef35e3b42964cb7002340314936c) Importer(815301076,1909f56bfc062723c751e8b465ee728b)
Start importing Assets/Prefabs/Tutorial Steps/Duel/Duel_TutorialStep_00 8.prefab using Guid(402cef35e3b42964cb7002340314936c) Importer(815301076,1909f56bfc062723c751e8b465ee728b) [PhysX] Initialized MultithreadedTaskDispatcher with 16 workers.
 -> (artifact id: '2591f2dafce6ac994af5b0cfb1fa79aa') in 0.002202 seconds
Number of updated asset objects reloaded before import = 0
Number of asset objects unloaded after import = 6
========================================================================
Received Import Request.
  Time since last request: 0.303793 seconds.
  path: Assets/Prefabs/Tutorial Steps/Duel/Duel_TutorialStep_00 9.prefab
  artifactKey: Guid(15508077c3f663c40b24e9885a8b9588) Importer(815301076,1909f56bfc062723c751e8b465ee728b)
Start importing Assets/Prefabs/Tutorial Steps/Duel/Duel_TutorialStep_00 9.prefab using Guid(15508077c3f663c40b24e9885a8b9588) Importer(815301076,1909f56bfc062723c751e8b465ee728b) [PhysX] Initialized MultithreadedTaskDispatcher with 16 workers.
 -> (artifact id: '998d00453a6055df0f47be6a2a424242') in 0.003187 seconds
Number of updated asset objects reloaded before import = 0
Number of asset objects unloaded after import = 6
========================================================================
Received Import Request.
  Time since last request: 3.339632 seconds.
  path: Assets/Prefabs/Tutorial Steps/Duel/Duel_TutorialStep_0.prefab
  artifactKey: Guid(99d8017cb0da6d448b1378880828a91a) Importer(815301076,1909f56bfc062723c751e8b465ee728b)
Start importing Assets/Prefabs/Tutorial Steps/Duel/Duel_TutorialStep_0.prefab using Guid(99d8017cb0da6d448b1378880828a91a) Importer(815301076,1909f56bfc062723c751e8b465ee728b) [PhysX] Initialized MultithreadedTaskDispatcher with 16 workers.
 -> (artifact id: 'e6404f7a5f5268871577bd3a8422a387') in 0.002210 seconds
Number of updated asset objects reloaded before import = 0
Number of asset objects unloaded after import = 6
========================================================================
Received Import Request.
  Time since last request: 2.571392 seconds.
  path: Assets/Prefabs/Tutorial Steps/Duel/Duel_TutorialStep_01.prefab
  artifactKey: Guid(99d8017cb0da6d448b1378880828a91a) Importer(815301076,1909f56bfc062723c751e8b465ee728b)
Start importing Assets/Prefabs/Tutorial Steps/Duel/Duel_TutorialStep_01.prefab using Guid(99d8017cb0da6d448b1378880828a91a) Importer(815301076,1909f56bfc062723c751e8b465ee728b) [PhysX] Initialized MultithreadedTaskDispatcher with 16 workers.
 -> (artifact id: '4dd8089e09889b9c50b107d76bad28ae') in 0.002575 seconds
Number of updated asset objects reloaded before import = 0
Number of asset objects unloaded after import = 6
========================================================================
Received Import Request.
  Time since last request: 4.234730 seconds.
  path: Assets/Prefabs/Tutorial Steps/Duel/Duel_TutorialStep_02.prefab
  artifactKey: Guid(68eee6f66a4847c44985a09a592d35ed) Importer(815301076,1909f56bfc062723c751e8b465ee728b)
Start importing Assets/Prefabs/Tutorial Steps/Duel/Duel_TutorialStep_02.prefab using Guid(68eee6f66a4847c44985a09a592d35ed) Importer(815301076,1909f56bfc062723c751e8b465ee728b) [PhysX] Initialized MultithreadedTaskDispatcher with 16 workers.
 -> (artifact id: '48a2038746ac0a1ad76722e4f6b995a6') in 0.002286 seconds
Number of updated asset objects reloaded before import = 0
Number of asset objects unloaded after import = 6
========================================================================
Received Import Request.
  Time since last request: 4.839900 seconds.
  path: Assets/Prefabs/Tutorial Steps/Duel/Duel_TutorialStep_03.prefab
  artifactKey: Guid(85af67e221de94b43aaab263f3da3160) Importer(815301076,1909f56bfc062723c751e8b465ee728b)
Start importing Assets/Prefabs/Tutorial Steps/Duel/Duel_TutorialStep_03.prefab using Guid(85af67e221de94b43aaab263f3da3160) Importer(815301076,1909f56bfc062723c751e8b465ee728b) [PhysX] Initialized MultithreadedTaskDispatcher with 16 workers.
 -> (artifact id: '8afeb137bdb77cfeb9b088410af1af8d') in 0.002086 seconds
Number of updated asset objects reloaded before import = 0
Number of asset objects unloaded after import = 6
========================================================================
Received Import Request.
  Time since last request: 3.287095 seconds.
  path: Assets/Prefabs/Tutorial Steps/Duel/Duel_TutorialStep_04.prefab
  artifactKey: Guid(de0f1f50d0cd88e4b8c37aa37cb24581) Importer(815301076,1909f56bfc062723c751e8b465ee728b)
Start importing Assets/Prefabs/Tutorial Steps/Duel/Duel_TutorialStep_04.prefab using Guid(de0f1f50d0cd88e4b8c37aa37cb24581) Importer(815301076,1909f56bfc062723c751e8b465ee728b) [PhysX] Initialized MultithreadedTaskDispatcher with 16 workers.
 -> (artifact id: '71cdb5ded4e0b07c222c5cdb0f12a1bc') in 0.002087 seconds
Number of updated asset objects reloaded before import = 0
Number of asset objects unloaded after import = 6
========================================================================
Received Import Request.
  Time since last request: 3.177625 seconds.
  path: Assets/Prefabs/Tutorial Steps/Duel/Duel_TutorialStep_05.prefab
  artifactKey: Guid(3cf13c4fb4997564899fe77902fd0982) Importer(815301076,1909f56bfc062723c751e8b465ee728b)
Start importing Assets/Prefabs/Tutorial Steps/Duel/Duel_TutorialStep_05.prefab using Guid(3cf13c4fb4997564899fe77902fd0982) Importer(815301076,1909f56bfc062723c751e8b465ee728b) [PhysX] Initialized MultithreadedTaskDispatcher with 16 workers.
 -> (artifact id: 'e5272499ee67893643ecb09ddd14bccc') in 0.002217 seconds
Number of updated asset objects reloaded before import = 0
Number of asset objects unloaded after import = 6
========================================================================
Received Import Request.
  Time since last request: 3.538766 seconds.
  path: Assets/Prefabs/Tutorial Steps/Duel/Duel_TutorialStep_06.prefab
  artifactKey: Guid(13717845ac55fe44b8b4c5607acb3355) Importer(815301076,1909f56bfc062723c751e8b465ee728b)
Start importing Assets/Prefabs/Tutorial Steps/Duel/Duel_TutorialStep_06.prefab using Guid(13717845ac55fe44b8b4c5607acb3355) Importer(815301076,1909f56bfc062723c751e8b465ee728b) [PhysX] Initialized MultithreadedTaskDispatcher with 16 workers.
 -> (artifact id: 'ca0002012a5c9a10e00cf9c895cb8960') in 0.002216 seconds
Number of updated asset objects reloaded before import = 0
Number of asset objects unloaded after import = 6
========================================================================
Received Import Request.
  Time since last request: 2.604020 seconds.
  path: Assets/Prefabs/Tutorial Steps/Duel/Duel_TutorialStep_07.prefab
  artifactKey: Guid(4a7e71f97abd0024ea81da57a0da155b) Importer(815301076,1909f56bfc062723c751e8b465ee728b)
Start importing Assets/Prefabs/Tutorial Steps/Duel/Duel_TutorialStep_07.prefab using Guid(4a7e71f97abd0024ea81da57a0da155b) Importer(815301076,1909f56bfc062723c751e8b465ee728b) [PhysX] Initialized MultithreadedTaskDispatcher with 16 workers.
 -> (artifact id: '3acef262a2ff4f4a0fb092ecb6485ab3') in 0.002124 seconds
Number of updated asset objects reloaded before import = 0
Number of asset objects unloaded after import = 6
========================================================================
Received Import Request.
  Time since last request: 4.038361 seconds.
  path: Assets/Prefabs/Tutorial Steps/Duel/Duel_TutorialStep_08.prefab
  artifactKey: Guid(402cef35e3b42964cb7002340314936c) Importer(815301076,1909f56bfc062723c751e8b465ee728b)
Start importing Assets/Prefabs/Tutorial Steps/Duel/Duel_TutorialStep_08.prefab using Guid(402cef35e3b42964cb7002340314936c) Importer(815301076,1909f56bfc062723c751e8b465ee728b) [PhysX] Initialized MultithreadedTaskDispatcher with 16 workers.
 -> (artifact id: '9ca0bfe9745a6eb7354abf6703eed297') in 0.002452 seconds
Number of updated asset objects reloaded before import = 0
Number of asset objects unloaded after import = 6
========================================================================
Received Import Request.
  Time since last request: 2.674315 seconds.
  path: Assets/Prefabs/Tutorial Steps/Duel/Duel_TutorialStep_09.prefab
  artifactKey: Guid(15508077c3f663c40b24e9885a8b9588) Importer(815301076,1909f56bfc062723c751e8b465ee728b)
Start importing Assets/Prefabs/Tutorial Steps/Duel/Duel_TutorialStep_09.prefab using Guid(15508077c3f663c40b24e9885a8b9588) Importer(815301076,1909f56bfc062723c751e8b465ee728b) [PhysX] Initialized MultithreadedTaskDispatcher with 16 workers.
 -> (artifact id: '21776f6cd15f91cd11c6a3eb94d4fbc3') in 0.002213 seconds
Number of updated asset objects reloaded before import = 0
Number of asset objects unloaded after import = 6
========================================================================
Received Import Request.
  Time since last request: 8.200102 seconds.
  path: Assets/Prefabs/Tutorial Steps/Duel/Duel_TutorialStep_09 1.prefab
  artifactKey: Guid(9c02f5c1ce12f154a9b755c230e6cbbb) Importer(815301076,1909f56bfc062723c751e8b465ee728b)
Start importing Assets/Prefabs/Tutorial Steps/Duel/Duel_TutorialStep_09 1.prefab using Guid(9c02f5c1ce12f154a9b755c230e6cbbb) Importer(815301076,1909f56bfc062723c751e8b465ee728b) [PhysX] Initialized MultithreadedTaskDispatcher with 16 workers.
 -> (artifact id: '6f56f5f15fecb663aa4fbddd326744c7') in 0.002322 seconds
Number of updated asset objects reloaded before import = 0
Number of asset objects unloaded after import = 6
========================================================================
Received Import Request.
  Time since last request: 4.507027 seconds.
  path: Assets/Prefabs/Tutorial Steps/Duel/Duel_TutorialStep_10.prefab
  artifactKey: Guid(9c02f5c1ce12f154a9b755c230e6cbbb) Importer(815301076,1909f56bfc062723c751e8b465ee728b)
Start importing Assets/Prefabs/Tutorial Steps/Duel/Duel_TutorialStep_10.prefab using Guid(9c02f5c1ce12f154a9b755c230e6cbbb) Importer(815301076,1909f56bfc062723c751e8b465ee728b) [PhysX] Initialized MultithreadedTaskDispatcher with 16 workers.
 -> (artifact id: '5f30c9b528fb8d85fe9bae027e6605df') in 0.002109 seconds
Number of updated asset objects reloaded before import = 0
Number of asset objects unloaded after import = 6
========================================================================
Received Import Request.
  Time since last request: 64.061979 seconds.
  path: Assets/Prefabs/Tutorial Steps/Duel/Duel_TutorialStep_04.prefab
  artifactKey: Guid(de0f1f50d0cd88e4b8c37aa37cb24581) Importer(815301076,1909f56bfc062723c751e8b465ee728b)
Start importing Assets/Prefabs/Tutorial Steps/Duel/Duel_TutorialStep_04.prefab using Guid(de0f1f50d0cd88e4b8c37aa37cb24581) Importer(815301076,1909f56bfc062723c751e8b465ee728b) [PhysX] Initialized MultithreadedTaskDispatcher with 16 workers.
 -> (artifact id: '7542b538a8b1d14f65027a01dd1c133c') in 0.002476 seconds
Number of updated asset objects reloaded before import = 0
Number of asset objects unloaded after import = 6
========================================================================
Received Import Request.
  Time since last request: 0.380432 seconds.
  path: Assets/Prefabs/Tutorial Steps/Duel/Duel_TutorialStep_03.prefab
  artifactKey: Guid(85af67e221de94b43aaab263f3da3160) Importer(815301076,1909f56bfc062723c751e8b465ee728b)
Start importing Assets/Prefabs/Tutorial Steps/Duel/Duel_TutorialStep_03.prefab using Guid(85af67e221de94b43aaab263f3da3160) Importer(815301076,1909f56bfc062723c751e8b465ee728b) [PhysX] Initialized MultithreadedTaskDispatcher with 16 workers.
 -> (artifact id: '7e2e20d67b7b8c72ad762042cd138996') in 0.002888 seconds
Number of updated asset objects reloaded before import = 0
Number of asset objects unloaded after import = 6
========================================================================
Received Import Request.
  Time since last request: 0.063562 seconds.
  path: Assets/Prefabs/Tutorial Steps/Duel/Duel_TutorialStep_02.prefab
  artifactKey: Guid(68eee6f66a4847c44985a09a592d35ed) Importer(815301076,1909f56bfc062723c751e8b465ee728b)
Start importing Assets/Prefabs/Tutorial Steps/Duel/Duel_TutorialStep_02.prefab using Guid(68eee6f66a4847c44985a09a592d35ed) Importer(815301076,1909f56bfc062723c751e8b465ee728b) [PhysX] Initialized MultithreadedTaskDispatcher with 16 workers.
 -> (artifact id: 'a289425c4aecf80419961ace73c50fd5') in 0.002164 seconds
Number of updated asset objects reloaded before import = 0
Number of asset objects unloaded after import = 6
========================================================================
Received Import Request.
  Time since last request: 0.164078 seconds.
  path: Assets/Prefabs/Tutorial Steps/Duel/Duel_TutorialStep_01.prefab
  artifactKey: Guid(99d8017cb0da6d448b1378880828a91a) Importer(815301076,1909f56bfc062723c751e8b465ee728b)
Start importing Assets/Prefabs/Tutorial Steps/Duel/Duel_TutorialStep_01.prefab using Guid(99d8017cb0da6d448b1378880828a91a) Importer(815301076,1909f56bfc062723c751e8b465ee728b) [PhysX] Initialized MultithreadedTaskDispatcher with 16 workers.
 -> (artifact id: 'ccac3afe202e9aec29f198b29c008cd4') in 0.002108 seconds
Number of updated asset objects reloaded before import = 0
Number of asset objects unloaded after import = 6
========================================================================
Received Import Request.
  Time since last request: 1.295215 seconds.
  path: Assets/Prefabs/Tutorial Steps/Duel/Duel_TutorialStep_05.prefab
  artifactKey: Guid(3cf13c4fb4997564899fe77902fd0982) Importer(815301076,1909f56bfc062723c751e8b465ee728b)
Start importing Assets/Prefabs/Tutorial Steps/Duel/Duel_TutorialStep_05.prefab using Guid(3cf13c4fb4997564899fe77902fd0982) Importer(815301076,1909f56bfc062723c751e8b465ee728b) [PhysX] Initialized MultithreadedTaskDispatcher with 16 workers.
 -> (artifact id: '948836ec5537c169ef24a5d4203aa42c') in 0.002068 seconds
Number of updated asset objects reloaded before import = 0
Number of asset objects unloaded after import = 6
========================================================================
Received Import Request.
  Time since last request: 10.612059 seconds.
  path: Assets/Prefabs/Tutorial Steps/Duel/Duel_TutorialStep_07.prefab
  artifactKey: Guid(4a7e71f97abd0024ea81da57a0da155b) Importer(815301076,1909f56bfc062723c751e8b465ee728b)
Start importing Assets/Prefabs/Tutorial Steps/Duel/Duel_TutorialStep_07.prefab using Guid(4a7e71f97abd0024ea81da57a0da155b) Importer(815301076,1909f56bfc062723c751e8b465ee728b) [PhysX] Initialized MultithreadedTaskDispatcher with 16 workers.
 -> (artifact id: '2f733e96a727f2911ec07d5defaf3e40') in 0.002202 seconds
Number of updated asset objects reloaded before import = 0
Number of asset objects unloaded after import = 6
========================================================================
Received Import Request.
  Time since last request: 11.015882 seconds.
  path: Assets/Prefabs/Tutorial Steps/Duel/Duel_TutorialStep_10.prefab
  artifactKey: Guid(9c02f5c1ce12f154a9b755c230e6cbbb) Importer(815301076,1909f56bfc062723c751e8b465ee728b)
Start importing Assets/Prefabs/Tutorial Steps/Duel/Duel_TutorialStep_10.prefab using Guid(9c02f5c1ce12f154a9b755c230e6cbbb) Importer(815301076,1909f56bfc062723c751e8b465ee728b) [PhysX] Initialized MultithreadedTaskDispatcher with 16 workers.
 -> (artifact id: '032704ea1b1b02f52bc006ae81b9314e') in 0.002133 seconds
Number of updated asset objects reloaded before import = 0
Number of asset objects unloaded after import = 6
========================================================================
Received Import Request.
  Time since last request: 18.474816 seconds.
  path: Assets/Prefabs/Tutorial Steps/Duel/Duel_TutorialStep_00.prefab
  artifactKey: Guid(67fe32c35cef52740a23dc3d2cde6a45) Importer(815301076,1909f56bfc062723c751e8b465ee728b)
Start importing Assets/Prefabs/Tutorial Steps/Duel/Duel_TutorialStep_00.prefab using Guid(67fe32c35cef52740a23dc3d2cde6a45) Importer(815301076,1909f56bfc062723c751e8b465ee728b) [PhysX] Initialized MultithreadedTaskDispatcher with 16 workers.
 -> (artifact id: '5a37be339526345fafb0b7e3f9ccfd7c') in 0.002357 seconds
Number of updated asset objects reloaded before import = 0
Number of asset objects unloaded after import = 7
========================================================================
Received Import Request.
  Time since last request: 2.333821 seconds.
  path: Assets/Prefabs/Tutorial Steps/Duel/Duel_TutorialStep_00.prefab
  artifactKey: Guid(67fe32c35cef52740a23dc3d2cde6a45) Importer(815301076,1909f56bfc062723c751e8b465ee728b)
Start importing Assets/Prefabs/Tutorial Steps/Duel/Duel_TutorialStep_00.prefab using Guid(67fe32c35cef52740a23dc3d2cde6a45) Importer(815301076,1909f56bfc062723c751e8b465ee728b) [PhysX] Initialized MultithreadedTaskDispatcher with 16 workers.
 -> (artifact id: '08a0834ab48e3217f54b961210ef8096') in 0.001818 seconds
Number of updated asset objects reloaded before import = 0
Number of asset objects unloaded after import = 5
========================================================================
Received Import Request.
  Time since last request: 5.514118 seconds.
  path: Assets/Prefabs/Tutorial Steps/Duel/Duel_TutorialStep_00.prefab
  artifactKey: Guid(67fe32c35cef52740a23dc3d2cde6a45) Importer(815301076,1909f56bfc062723c751e8b465ee728b)
Start importing Assets/Prefabs/Tutorial Steps/Duel/Duel_TutorialStep_00.prefab using Guid(67fe32c35cef52740a23dc3d2cde6a45) Importer(815301076,1909f56bfc062723c751e8b465ee728b) [PhysX] Initialized MultithreadedTaskDispatcher with 16 workers.
 -> (artifact id: 'dee1ed929002480774cbc0a8db073479') in 0.002060 seconds
Number of updated asset objects reloaded before import = 0
Number of asset objects unloaded after import = 6
========================================================================
Received Import Request.
  Time since last request: 31.651759 seconds.
  path: Assets/Prefabs/Tutorial Steps/Duel/Duel_TutorialStep_01.prefab
  artifactKey: Guid(99d8017cb0da6d448b1378880828a91a) Importer(815301076,1909f56bfc062723c751e8b465ee728b)
Start importing Assets/Prefabs/Tutorial Steps/Duel/Duel_TutorialStep_01.prefab using Guid(99d8017cb0da6d448b1378880828a91a) Importer(815301076,1909f56bfc062723c751e8b465ee728b) [PhysX] Initialized MultithreadedTaskDispatcher with 16 workers.
 -> (artifact id: '08579e0bc98992438ddba3bbb75314d7') in 0.002063 seconds
Number of updated asset objects reloaded before import = 0
Number of asset objects unloaded after import = 7
========================================================================
Received Import Request.
  Time since last request: 2.097388 seconds.
  path: Assets/Prefabs/Tutorial Steps/Duel/Duel_TutorialStep_01.prefab
  artifactKey: Guid(99d8017cb0da6d448b1378880828a91a) Importer(815301076,1909f56bfc062723c751e8b465ee728b)
Start importing Assets/Prefabs/Tutorial Steps/Duel/Duel_TutorialStep_01.prefab using Guid(99d8017cb0da6d448b1378880828a91a) Importer(815301076,1909f56bfc062723c751e8b465ee728b) [PhysX] Initialized MultithreadedTaskDispatcher with 16 workers.
 -> (artifact id: 'ff552a9ec69f22cb137d2f0d8f7713be') in 0.001784 seconds
Number of updated asset objects reloaded before import = 0
Number of asset objects unloaded after import = 5
========================================================================
Received Import Request.
  Time since last request: 5.249321 seconds.
  path: Assets/Prefabs/Tutorial Steps/Duel/Duel_TutorialStep_02.prefab
  artifactKey: Guid(68eee6f66a4847c44985a09a592d35ed) Importer(815301076,1909f56bfc062723c751e8b465ee728b)
Start importing Assets/Prefabs/Tutorial Steps/Duel/Duel_TutorialStep_02.prefab using Guid(68eee6f66a4847c44985a09a592d35ed) Importer(815301076,1909f56bfc062723c751e8b465ee728b) [PhysX] Initialized MultithreadedTaskDispatcher with 16 workers.
 -> (artifact id: '80c74ed16990a335259442cc19ce4772') in 0.002052 seconds
Number of updated asset objects reloaded before import = 0
Number of asset objects unloaded after import = 7
========================================================================
Received Import Request.
  Time since last request: 6.618509 seconds.
  path: Assets/Prefabs/Tutorial Steps/Duel/Duel_TutorialStep_02.prefab
  artifactKey: Guid(68eee6f66a4847c44985a09a592d35ed) Importer(815301076,1909f56bfc062723c751e8b465ee728b)
Start importing Assets/Prefabs/Tutorial Steps/Duel/Duel_TutorialStep_02.prefab using Guid(68eee6f66a4847c44985a09a592d35ed) Importer(815301076,1909f56bfc062723c751e8b465ee728b) [PhysX] Initialized MultithreadedTaskDispatcher with 16 workers.
 -> (artifact id: 'c064798a523ee4879ab778ce2ba0a31e') in 0.001762 seconds
Number of updated asset objects reloaded before import = 0
Number of asset objects unloaded after import = 5
========================================================================
Received Import Request.
  Time since last request: 2.576073 seconds.
  path: Assets/Prefabs/Tutorial Steps/Duel/Duel_TutorialStep_02.prefab
  artifactKey: Guid(68eee6f66a4847c44985a09a592d35ed) Importer(815301076,1909f56bfc062723c751e8b465ee728b)
Start importing Assets/Prefabs/Tutorial Steps/Duel/Duel_TutorialStep_02.prefab using Guid(68eee6f66a4847c44985a09a592d35ed) Importer(815301076,1909f56bfc062723c751e8b465ee728b) [PhysX] Initialized MultithreadedTaskDispatcher with 16 workers.
 -> (artifact id: '631e4296fda3ec9d16012630c3b6c2ad') in 0.002074 seconds
Number of updated asset objects reloaded before import = 0
Number of asset objects unloaded after import = 6
========================================================================
Received Import Request.
  Time since last request: 7.803772 seconds.
  path: Assets/Prefabs/Tutorial Steps/Duel/Duel_TutorialStep_03.prefab
  artifactKey: Guid(85af67e221de94b43aaab263f3da3160) Importer(815301076,1909f56bfc062723c751e8b465ee728b)
Start importing Assets/Prefabs/Tutorial Steps/Duel/Duel_TutorialStep_03.prefab using Guid(85af67e221de94b43aaab263f3da3160) Importer(815301076,1909f56bfc062723c751e8b465ee728b) [PhysX] Initialized MultithreadedTaskDispatcher with 16 workers.
 -> (artifact id: '59845855476f068b4af1912ffa8c68dc') in 0.001821 seconds
Number of updated asset objects reloaded before import = 0
Number of asset objects unloaded after import = 4
========================================================================
Received Import Request.
  Time since last request: 18.612546 seconds.
  path: Assets/Prefabs/Tutorial Steps/Duel/Duel_TutorialStep_04.prefab
  artifactKey: Guid(de0f1f50d0cd88e4b8c37aa37cb24581) Importer(815301076,1909f56bfc062723c751e8b465ee728b)
Start importing Assets/Prefabs/Tutorial Steps/Duel/Duel_TutorialStep_04.prefab using Guid(de0f1f50d0cd88e4b8c37aa37cb24581) Importer(815301076,1909f56bfc062723c751e8b465ee728b) [PhysX] Initialized MultithreadedTaskDispatcher with 16 workers.
 -> (artifact id: '982a226bbdd7cc827c36d936c688b2cf') in 0.001833 seconds
Number of updated asset objects reloaded before import = 0
Number of asset objects unloaded after import = 4
========================================================================
Received Import Request.
  Time since last request: 4.702663 seconds.
  path: Assets/Prefabs/Tutorial Steps/Duel/Duel_TutorialStep_04.prefab
  artifactKey: Guid(de0f1f50d0cd88e4b8c37aa37cb24581) Importer(815301076,1909f56bfc062723c751e8b465ee728b)
Start importing Assets/Prefabs/Tutorial Steps/Duel/Duel_TutorialStep_04.prefab using Guid(de0f1f50d0cd88e4b8c37aa37cb24581) Importer(815301076,1909f56bfc062723c751e8b465ee728b) [PhysX] Initialized MultithreadedTaskDispatcher with 16 workers.
 -> (artifact id: '7160cd365592f1f96d90ec1c946e68f4') in 0.001834 seconds
Number of updated asset objects reloaded before import = 0
Number of asset objects unloaded after import = 5
========================================================================
Received Import Request.
  Time since last request: 8.814050 seconds.
  path: Assets/Prefabs/Tutorial Steps/Duel/Duel_TutorialStep_05.prefab
  artifactKey: Guid(3cf13c4fb4997564899fe77902fd0982) Importer(815301076,1909f56bfc062723c751e8b465ee728b)
Start importing Assets/Prefabs/Tutorial Steps/Duel/Duel_TutorialStep_05.prefab using Guid(3cf13c4fb4997564899fe77902fd0982) Importer(815301076,1909f56bfc062723c751e8b465ee728b) [PhysX] Initialized MultithreadedTaskDispatcher with 16 workers.
 -> (artifact id: 'f100a56ac6fd504193ec84692f06df18') in 0.001939 seconds
Number of updated asset objects reloaded before import = 0
Number of asset objects unloaded after import = 5
========================================================================
Received Import Request.
  Time since last request: 11.806835 seconds.
  path: Assets/Prefabs/Tutorial Steps/Duel/Duel_TutorialStep_06.prefab
  artifactKey: Guid(13717845ac55fe44b8b4c5607acb3355) Importer(815301076,1909f56bfc062723c751e8b465ee728b)
Start importing Assets/Prefabs/Tutorial Steps/Duel/Duel_TutorialStep_06.prefab using Guid(13717845ac55fe44b8b4c5607acb3355) Importer(815301076,1909f56bfc062723c751e8b465ee728b) [PhysX] Initialized MultithreadedTaskDispatcher with 16 workers.
 -> (artifact id: '3655ec5286164cca4a8dc748ce976010') in 0.002081 seconds
Number of updated asset objects reloaded before import = 0
Number of asset objects unloaded after import = 4
========================================================================
Received Import Request.
  Time since last request: 0.900442 seconds.
  path: Assets/Prefabs/Tutorial Steps/Duel/Duel_TutorialStep_07.prefab
  artifactKey: Guid(4a7e71f97abd0024ea81da57a0da155b) Importer(815301076,1909f56bfc062723c751e8b465ee728b)
Start importing Assets/Prefabs/Tutorial Steps/Duel/Duel_TutorialStep_07.prefab using Guid(4a7e71f97abd0024ea81da57a0da155b) Importer(815301076,1909f56bfc062723c751e8b465ee728b) [PhysX] Initialized MultithreadedTaskDispatcher with 16 workers.
 -> (artifact id: '1b370cd29dde840b414766844b5996cb') in 0.002098 seconds
Number of updated asset objects reloaded before import = 0
Number of asset objects unloaded after import = 5
========================================================================
Received Import Request.
  Time since last request: 4.120836 seconds.
  path: Assets/Prefabs/Tutorial Steps/Duel/Duel_TutorialStep_08.prefab
  artifactKey: Guid(402cef35e3b42964cb7002340314936c) Importer(815301076,1909f56bfc062723c751e8b465ee728b)
Start importing Assets/Prefabs/Tutorial Steps/Duel/Duel_TutorialStep_08.prefab using Guid(402cef35e3b42964cb7002340314936c) Importer(815301076,1909f56bfc062723c751e8b465ee728b) [PhysX] Initialized MultithreadedTaskDispatcher with 16 workers.
 -> (artifact id: '906fe3eab874ab77b0958b4f8bf3d0bc') in 0.001843 seconds
Number of updated asset objects reloaded before import = 0
Number of asset objects unloaded after import = 5
========================================================================
Received Import Request.
  Time since last request: 2.287884 seconds.
  path: Assets/Prefabs/Tutorial Steps/Duel/Duel_TutorialStep_09.prefab
  artifactKey: Guid(15508077c3f663c40b24e9885a8b9588) Importer(815301076,1909f56bfc062723c751e8b465ee728b)
Start importing Assets/Prefabs/Tutorial Steps/Duel/Duel_TutorialStep_09.prefab using Guid(15508077c3f663c40b24e9885a8b9588) Importer(815301076,1909f56bfc062723c751e8b465ee728b) [PhysX] Initialized MultithreadedTaskDispatcher with 16 workers.
 -> (artifact id: '234a5fa20b88f93deb27f34c9f6b5c9f') in 0.003789 seconds
Number of updated asset objects reloaded before import = 0
Number of asset objects unloaded after import = 5
========================================================================
Received Import Request.
  Time since last request: 0.700373 seconds.
  path: Assets/Prefabs/Tutorial Steps/Duel/Duel_TutorialStep_08.prefab
  artifactKey: Guid(402cef35e3b42964cb7002340314936c) Importer(815301076,1909f56bfc062723c751e8b465ee728b)
Start importing Assets/Prefabs/Tutorial Steps/Duel/Duel_TutorialStep_08.prefab using Guid(402cef35e3b42964cb7002340314936c) Importer(815301076,1909f56bfc062723c751e8b465ee728b) [PhysX] Initialized MultithreadedTaskDispatcher with 16 workers.
 -> (artifact id: 'bb57fd1bc9b318d6495e7cca56e3f062') in 0.002351 seconds
Number of updated asset objects reloaded before import = 0
Number of asset objects unloaded after import = 6
========================================================================
Received Import Request.
  Time since last request: 6.791291 seconds.
  path: Assets/Prefabs/Tutorial Steps/Duel/Duel_TutorialStep_10.prefab
  artifactKey: Guid(9c02f5c1ce12f154a9b755c230e6cbbb) Importer(815301076,1909f56bfc062723c751e8b465ee728b)
Start importing Assets/Prefabs/Tutorial Steps/Duel/Duel_TutorialStep_10.prefab using Guid(9c02f5c1ce12f154a9b755c230e6cbbb) Importer(815301076,1909f56bfc062723c751e8b465ee728b) [PhysX] Initialized MultithreadedTaskDispatcher with 16 workers.
 -> (artifact id: 'eb2bcf6b734fdf8c35b648271b7c7491') in 0.002591 seconds
Number of updated asset objects reloaded before import = 0
Number of asset objects unloaded after import = 5
========================================================================
Received Import Request.
  Time since last request: 3.056855 seconds.
  path: Assets/Prefabs/Tutorial Steps/Duel/Duel_TutorialStep_10.prefab
  artifactKey: Guid(9c02f5c1ce12f154a9b755c230e6cbbb) Importer(815301076,1909f56bfc062723c751e8b465ee728b)
Start importing Assets/Prefabs/Tutorial Steps/Duel/Duel_TutorialStep_10.prefab using Guid(9c02f5c1ce12f154a9b755c230e6cbbb) Importer(815301076,1909f56bfc062723c751e8b465ee728b) [PhysX] Initialized MultithreadedTaskDispatcher with 16 workers.
 -> (artifact id: '8d1cebf95d3ea5d2c989de6ea46d8e1c') in 0.002087 seconds
Number of updated asset objects reloaded before import = 0
Number of asset objects unloaded after import = 6
========================================================================
Received Prepare
Caller must complete domain reload
Begin MonoManager ReloadAssembly
Symbol file LoadedFromMemory is not a mono symbol file
- Loaded All Assemblies, in  0.549 seconds
Native extension for WindowsStandalone target not found
Mono: successfully reloaded assembly
- Finished resetting the current domain, in  1.838 seconds
Domain Reload Profiling: 2382ms
	BeginReloadAssembly (161ms)
		ExecutionOrderSort (0ms)
		DisableScriptedObjects (5ms)
		BackupInstance (0ms)
		ReleaseScriptingObjects (0ms)
		CreateAndSetChildDomain (51ms)
	RebuildCommonClasses (28ms)
	RebuildNativeTypeToScriptingClass (9ms)
	initialDomainReloadingComplete (29ms)
	LoadAllAssembliesAndSetupDomain (317ms)
		LoadAssemblies (370ms)
		RebuildTransferFunctionScriptingTraits (0ms)
		AnalyzeDomain (19ms)
			TypeCache.Refresh (6ms)
				TypeCache.ScanAssembly (0ms)
			ScanForSourceGeneratedMonoScriptInfo (0ms)
			ResolveRequiredComponents (12ms)
	FinalizeReload (1838ms)
		ReleaseScriptCaches (0ms)
		RebuildScriptCaches (0ms)
		SetupLoadedEditorAssemblies (921ms)
			LogAssemblyErrors (0ms)
			InitializePlatformSupportModulesInManaged (7ms)
			SetLoadedEditorAssemblies (5ms)
			RefreshPlugins (0ms)
			BeforeProcessingInitializeOnLoad (156ms)
			ProcessInitializeOnLoadAttributes (507ms)
			ProcessInitializeOnLoadMethodAttributes (235ms)
			AfterProcessingInitializeOnLoad (10ms)
			EditorAssembliesLoaded (1ms)
		ExecutionOrderSort2 (0ms)
		AwakeInstancesAfterBackupRestoration (15ms)
Refreshing native plugins compatible for Editor in 13.15 ms, found 3 plugins.
Preloading 0 native plugins for Editor in 0.00 ms.
Unloading 6462 Unused Serialized files (Serialized files now loaded: 0)
Unloading 39 unused Assets / (2.1 MB). Loaded Objects now: 7127.
Memory consumption went from 227.6 MB to 225.4 MB.
Total: 10.383900 ms (FindLiveObjects: 0.473200 ms CreateObjectMapping: 0.640100 ms MarkObjects: 8.643400 ms  DeleteObjects: 0.625600 ms)

Prepare: number of updated asset objects reloaded= 0
AssetImportParameters requested are different than current active one (requested -> active):
  custom:container-demuxer-ogg: 62fdf1f143b41e24485cea50d1cbac27 -> 
  custom:framework-win-MediaFoundation: 216162199b28c13a410421893ffa2e32 -> 
  custom:container-muxer-webm: aa71ff27fc2769a1b78a27578f13a17b -> 
  custom:video-decoder-webm-vp8: 9c59270c3fd7afecdb556c50c9e8de78 -> 
  custom:SearchIndexIgnoredProperties: e643bd26f0fe6173181afceb89e7c659 -> 
  custom:AudioImporter_EditorPlatform: d09bf68614088b80899f8185d706f6e7 -> 
  custom:audio-decoder-ogg-vorbis: bf7c407c2cedff20999df2af8eb42d56 -> 
  custom:audio-encoder-webm-vorbis: bf7c407c2cedff20999df2af8eb42d56 -> 
  custom:video-codec-MediaFoundation-h265: 746d11721c4dcdbdad8f713fa42b33f4 -> 
  custom:video-decoder-ogg-theora: a1e56fd34408186e4bbccfd4996cb3dc -> 
  custom:CustomObjectIndexerAttribute: 3ead1caaecf1c488f20bcfeb224b6af5 -> 
  custom:container-demuxer-webm: 4f35f7cbe854078d1ac9338744f61a02 -> 
  custom:video-encoder-webm-vp8: eb34c28f22e8b96e1ab97ce403110664 -> 
========================================================================
Received Import Request.
  Time since last request: 90.402119 seconds.
  path: Assets/Prefabs/Tutorial Configs/TutorialConfig_Duel.asset
  artifactKey: Guid(98912038756ac58448e21a84ef10a970) Importer(815301076,1909f56bfc062723c751e8b465ee728b)
Start importing Assets/Prefabs/Tutorial Configs/TutorialConfig_Duel.asset using Guid(98912038756ac58448e21a84ef10a970) Importer(815301076,1909f56bfc062723c751e8b465ee728b) [PhysX] Initialized MultithreadedTaskDispatcher with 16 workers.
 -> (artifact id: 'ba3dfbbf30fe709e9f9d7c43950855ab') in 0.037846 seconds
Number of updated asset objects reloaded before import = 0
Number of asset objects unloaded after import = 52
========================================================================
Received Prepare
Caller must complete domain reload
Begin MonoManager ReloadAssembly
Symbol file LoadedFromMemory is not a mono symbol file
- Loaded All Assemblies, in  0.567 seconds
Native extension for WindowsStandalone target not found
Mono: successfully reloaded assembly
- Finished resetting the current domain, in  1.937 seconds
Domain Reload Profiling: 2499ms
	BeginReloadAssembly (168ms)
		ExecutionOrderSort (0ms)
		DisableScriptedObjects (6ms)
		BackupInstance (0ms)
		ReleaseScriptingObjects (0ms)
		CreateAndSetChildDomain (52ms)
	RebuildCommonClasses (31ms)
	RebuildNativeTypeToScriptingClass (11ms)
	initialDomainReloadingComplete (32ms)
	LoadAllAssembliesAndSetupDomain (319ms)
		LoadAssemblies (379ms)
		RebuildTransferFunctionScriptingTraits (0ms)
		AnalyzeDomain (19ms)
			TypeCache.Refresh (6ms)
				TypeCache.ScanAssembly (0ms)
			ScanForSourceGeneratedMonoScriptInfo (0ms)
			ResolveRequiredComponents (12ms)
	FinalizeReload (1937ms)
		ReleaseScriptCaches (0ms)
		RebuildScriptCaches (0ms)
		SetupLoadedEditorAssemblies (929ms)
			LogAssemblyErrors (0ms)
			InitializePlatformSupportModulesInManaged (8ms)
			SetLoadedEditorAssemblies (5ms)
			RefreshPlugins (0ms)
			BeforeProcessingInitializeOnLoad (163ms)
			ProcessInitializeOnLoadAttributes (534ms)
			ProcessInitializeOnLoadMethodAttributes (209ms)
			AfterProcessingInitializeOnLoad (10ms)
			EditorAssembliesLoaded (1ms)
		ExecutionOrderSort2 (0ms)
		AwakeInstancesAfterBackupRestoration (14ms)
Refreshing native plugins compatible for Editor in 18.44 ms, found 3 plugins.
Preloading 0 native plugins for Editor in 0.00 ms.
Unloading 6462 Unused Serialized files (Serialized files now loaded: 0)
Unloading 39 unused Assets / (2.1 MB). Loaded Objects now: 7131.
Memory consumption went from 227.6 MB to 225.4 MB.
Total: 9.459800 ms (FindLiveObjects: 0.479200 ms CreateObjectMapping: 0.494900 ms MarkObjects: 7.759400 ms  DeleteObjects: 0.725000 ms)

Prepare: number of updated asset objects reloaded= 0
AssetImportParameters requested are different than current active one (requested -> active):
  custom:container-demuxer-ogg: 62fdf1f143b41e24485cea50d1cbac27 -> 
  custom:framework-win-MediaFoundation: 216162199b28c13a410421893ffa2e32 -> 
  custom:container-muxer-webm: aa71ff27fc2769a1b78a27578f13a17b -> 
  custom:video-decoder-webm-vp8: 9c59270c3fd7afecdb556c50c9e8de78 -> 
  custom:SearchIndexIgnoredProperties: e643bd26f0fe6173181afceb89e7c659 -> 
  custom:AudioImporter_EditorPlatform: d09bf68614088b80899f8185d706f6e7 -> 
  custom:audio-decoder-ogg-vorbis: bf7c407c2cedff20999df2af8eb42d56 -> 
  custom:audio-encoder-webm-vorbis: bf7c407c2cedff20999df2af8eb42d56 -> 
  custom:video-codec-MediaFoundation-h265: 746d11721c4dcdbdad8f713fa42b33f4 -> 
  custom:video-decoder-ogg-theora: a1e56fd34408186e4bbccfd4996cb3dc -> 
  custom:CustomObjectIndexerAttribute: 3ead1caaecf1c488f20bcfeb224b6af5 -> 
  custom:container-demuxer-webm: 4f35f7cbe854078d1ac9338744f61a02 -> 
  custom:video-encoder-webm-vp8: eb34c28f22e8b96e1ab97ce403110664 -> 
========================================================================
Received Import Request.
  Time since last request: 75.755754 seconds.
  path: Assets/Scripts/Tutorial/Steps/Duel_Controls
  artifactKey: Guid(4462eac1ce8a6eb49b4708b35e29f04f) Importer(815301076,1909f56bfc062723c751e8b465ee728b)
Start importing Assets/Scripts/Tutorial/Steps/Duel_Controls using Guid(4462eac1ce8a6eb49b4708b35e29f04f) Importer(815301076,1909f56bfc062723c751e8b465ee728b) [PhysX] Initialized MultithreadedTaskDispatcher with 16 workers.
 -> (artifact id: '3303ad85eb093dd8884a60b2386d06f2') in 0.010580 seconds
Number of updated asset objects reloaded before import = 0
Number of asset objects unloaded after import = 0
========================================================================
Received Import Request.
  Time since last request: 26.152224 seconds.
  path: Assets/Scripts/Tutorial/Steps/Duel_Controls/DuelTutorialStep03.cs
  artifactKey: Guid(59d963fc0f1c921439e3fbb0041ac871) Importer(815301076,1909f56bfc062723c751e8b465ee728b)
Start importing Assets/Scripts/Tutorial/Steps/Duel_Controls/DuelTutorialStep03.cs using Guid(59d963fc0f1c921439e3fbb0041ac871) Importer(815301076,1909f56bfc062723c751e8b465ee728b) [PhysX] Initialized MultithreadedTaskDispatcher with 16 workers.
 -> (artifact id: '7868fabd873d39ca3abca92d0bcd6c87') in 0.001455 seconds
Number of updated asset objects reloaded before import = 0
Number of asset objects unloaded after import = 0
========================================================================
Received Prepare
Caller must complete domain reload
Begin MonoManager ReloadAssembly
Symbol file LoadedFromMemory is not a mono symbol file
- Loaded All Assemblies, in  2.671 seconds
Native extension for WindowsStandalone target not found
Mono: successfully reloaded assembly
- Finished resetting the current domain, in  2.207 seconds
Domain Reload Profiling: 4873ms
	BeginReloadAssembly (201ms)
		ExecutionOrderSort (0ms)
		DisableScriptedObjects (6ms)
		BackupInstance (0ms)
		ReleaseScriptingObjects (0ms)
		CreateAndSetChildDomain (48ms)
	RebuildCommonClasses (111ms)
	RebuildNativeTypeToScriptingClass (10ms)
	initialDomainReloadingComplete (33ms)
	LoadAllAssembliesAndSetupDomain (2311ms)
		LoadAssemblies (2263ms)
		RebuildTransferFunctionScriptingTraits (0ms)
		AnalyzeDomain (160ms)
			TypeCache.Refresh (123ms)
				TypeCache.ScanAssembly (2ms)
			ScanForSourceGeneratedMonoScriptInfo (25ms)
			ResolveRequiredComponents (11ms)
	FinalizeReload (2208ms)
		ReleaseScriptCaches (0ms)
		RebuildScriptCaches (0ms)
		SetupLoadedEditorAssemblies (750ms)
			LogAssemblyErrors (0ms)
			InitializePlatformSupportModulesInManaged (7ms)
			SetLoadedEditorAssemblies (5ms)
			RefreshPlugins (0ms)
			BeforeProcessingInitializeOnLoad (142ms)
			ProcessInitializeOnLoadAttributes (414ms)
			ProcessInitializeOnLoadMethodAttributes (175ms)
			AfterProcessingInitializeOnLoad (6ms)
			EditorAssembliesLoaded (0ms)
		ExecutionOrderSort2 (0ms)
		AwakeInstancesAfterBackupRestoration (11ms)
Refreshing native plugins compatible for Editor in 15.76 ms, found 3 plugins.
Preloading 0 native plugins for Editor in 0.00 ms.
Unloading 6463 Unused Serialized files (Serialized files now loaded: 0)
Unloading 39 unused Assets / (2.1 MB). Loaded Objects now: 7136.
Memory consumption went from 227.6 MB to 225.5 MB.
Total: 9.198500 ms (FindLiveObjects: 0.793500 ms CreateObjectMapping: 0.521400 ms MarkObjects: 7.311500 ms  DeleteObjects: 0.570800 ms)

Prepare: number of updated asset objects reloaded= 0
AssetImportParameters requested are different than current active one (requested -> active):
  custom:container-demuxer-ogg: 62fdf1f143b41e24485cea50d1cbac27 -> 
  custom:framework-win-MediaFoundation: 216162199b28c13a410421893ffa2e32 -> 
  custom:container-muxer-webm: aa71ff27fc2769a1b78a27578f13a17b -> 
  custom:scripting/monoscript/fileName/DuelTutorialStep03.cs: 51a0be43b5a34c620a2e0009788762da -> 
  custom:video-decoder-webm-vp8: 9c59270c3fd7afecdb556c50c9e8de78 -> 
  custom:SearchIndexIgnoredProperties: e643bd26f0fe6173181afceb89e7c659 -> 
  custom:AudioImporter_EditorPlatform: d09bf68614088b80899f8185d706f6e7 -> 
  custom:audio-decoder-ogg-vorbis: bf7c407c2cedff20999df2af8eb42d56 -> 
  custom:audio-encoder-webm-vorbis: bf7c407c2cedff20999df2af8eb42d56 -> 
  custom:scripting/precompiled-assembly-types:Assembly-CSharp: b5c5d8412e9b53f59b1c42a16270bf01 -> 4998fad43d7330c52048e16c2e9f5599
  custom:video-codec-MediaFoundation-h265: 746d11721c4dcdbdad8f713fa42b33f4 -> 
  custom:video-decoder-ogg-theora: a1e56fd34408186e4bbccfd4996cb3dc -> 
  custom:CustomObjectIndexerAttribute: 3ead1caaecf1c488f20bcfeb224b6af5 -> 
  custom:container-demuxer-webm: 4f35f7cbe854078d1ac9338744f61a02 -> 
  custom:video-encoder-webm-vp8: eb34c28f22e8b96e1ab97ce403110664 -> 
========================================================================
Received Import Request.
  Time since last request: 29.955783 seconds.
  path: Assets/Prefabs/Tutorial Steps/Duel/Duel_TutorialStep_01.prefab
  artifactKey: Guid(99d8017cb0da6d448b1378880828a91a) Importer(815301076,1909f56bfc062723c751e8b465ee728b)
Start importing Assets/Prefabs/Tutorial Steps/Duel/Duel_TutorialStep_01.prefab using Guid(99d8017cb0da6d448b1378880828a91a) Importer(815301076,1909f56bfc062723c751e8b465ee728b) [PhysX] Initialized MultithreadedTaskDispatcher with 16 workers.
 -> (artifact id: '08a3ee42e0b776689cdf1b4c559a09be') in 0.046202 seconds
Number of updated asset objects reloaded before import = 0
Number of asset objects unloaded after import = 6
========================================================================
Received Import Request.
  Time since last request: 0.531589 seconds.
  path: Assets/Prefabs/Tutorial Steps/Duel/Duel_TutorialStep_04.prefab
  artifactKey: Guid(de0f1f50d0cd88e4b8c37aa37cb24581) Importer(815301076,1909f56bfc062723c751e8b465ee728b)
Start importing Assets/Prefabs/Tutorial Steps/Duel/Duel_TutorialStep_04.prefab using Guid(de0f1f50d0cd88e4b8c37aa37cb24581) Importer(815301076,1909f56bfc062723c751e8b465ee728b) [PhysX] Initialized MultithreadedTaskDispatcher with 16 workers.
 -> (artifact id: 'ca5dd33495ea5adfeee974bdfd174ece') in 0.002961 seconds
Number of updated asset objects reloaded before import = 0
Number of asset objects unloaded after import = 6
========================================================================
Received Import Request.
  Time since last request: 0.029793 seconds.
  path: Assets/Prefabs/Tutorial Steps/Duel/Duel_TutorialStep_05.prefab
  artifactKey: Guid(3cf13c4fb4997564899fe77902fd0982) Importer(815301076,1909f56bfc062723c751e8b465ee728b)
Start importing Assets/Prefabs/Tutorial Steps/Duel/Duel_TutorialStep_05.prefab using Guid(3cf13c4fb4997564899fe77902fd0982) Importer(815301076,1909f56bfc062723c751e8b465ee728b) [PhysX] Initialized MultithreadedTaskDispatcher with 16 workers.
 -> (artifact id: '2f37c8a4f2330a66f656ca5e86f19f18') in 0.003008 seconds
Number of updated asset objects reloaded before import = 0
Number of asset objects unloaded after import = 6
========================================================================
Received Import Request.
  Time since last request: 0.034454 seconds.
  path: Assets/Prefabs/Tutorial Steps/Duel/Duel_TutorialStep_07.prefab
  artifactKey: Guid(4a7e71f97abd0024ea81da57a0da155b) Importer(815301076,1909f56bfc062723c751e8b465ee728b)
Start importing Assets/Prefabs/Tutorial Steps/Duel/Duel_TutorialStep_07.prefab using Guid(4a7e71f97abd0024ea81da57a0da155b) Importer(815301076,1909f56bfc062723c751e8b465ee728b) [PhysX] Initialized MultithreadedTaskDispatcher with 16 workers.
 -> (artifact id: '9cf22ec1532d2395ba1587536f802da3') in 0.003009 seconds
Number of updated asset objects reloaded before import = 0
Number of asset objects unloaded after import = 6
========================================================================
Received Import Request.
  Time since last request: 0.080542 seconds.
  path: Assets/Prefabs/Tutorial Steps/Duel/Duel_TutorialStep_09.prefab
  artifactKey: Guid(15508077c3f663c40b24e9885a8b9588) Importer(815301076,1909f56bfc062723c751e8b465ee728b)
Start importing Assets/Prefabs/Tutorial Steps/Duel/Duel_TutorialStep_09.prefab using Guid(15508077c3f663c40b24e9885a8b9588) Importer(815301076,1909f56bfc062723c751e8b465ee728b) [PhysX] Initialized MultithreadedTaskDispatcher with 16 workers.
 -> (artifact id: 'c48061811f17a801415878ca14bd8d55') in 0.003027 seconds
Number of updated asset objects reloaded before import = 0
Number of asset objects unloaded after import = 6
========================================================================
Received Import Request.
  Time since last request: 28.063827 seconds.
  path: Assets/Scripts/Tutorial/Steps/Duel_Controls/DuelTutorialStep04.cs
  artifactKey: Guid(c64371e3fd6fb5e48becf6b0162508e0) Importer(815301076,1909f56bfc062723c751e8b465ee728b)
Start importing Assets/Scripts/Tutorial/Steps/Duel_Controls/DuelTutorialStep04.cs using Guid(c64371e3fd6fb5e48becf6b0162508e0) Importer(815301076,1909f56bfc062723c751e8b465ee728b) [PhysX] Initialized MultithreadedTaskDispatcher with 16 workers.
 -> (artifact id: '62a8e2399e500d389ae142d49fc56f0e') in 0.000594 seconds
Number of updated asset objects reloaded before import = 0
Number of asset objects unloaded after import = 0
========================================================================
Received Import Request.
  Time since last request: 3.567702 seconds.
  path: Assets/Scripts/Tutorial/Steps/Duel_Controls/DuelTutorialStep06.cs
  artifactKey: Guid(c64371e3fd6fb5e48becf6b0162508e0) Importer(815301076,1909f56bfc062723c751e8b465ee728b)
Start importing Assets/Scripts/Tutorial/Steps/Duel_Controls/DuelTutorialStep06.cs using Guid(c64371e3fd6fb5e48becf6b0162508e0) Importer(815301076,1909f56bfc062723c751e8b465ee728b) [PhysX] Initialized MultithreadedTaskDispatcher with 16 workers.
 -> (artifact id: 'a1a348fbc3cd6311e1a2c0916b73d8c8') in 0.000637 seconds
Number of updated asset objects reloaded before import = 0
Number of asset objects unloaded after import = 0
========================================================================
Received Import Request.
  Time since last request: 6.961903 seconds.
  path: Assets/Scripts/Tutorial/Steps/Duel_Controls/DuelTutorialStep06.cs
  artifactKey: Guid(c64371e3fd6fb5e48becf6b0162508e0) Importer(815301076,1909f56bfc062723c751e8b465ee728b)
Start importing Assets/Scripts/Tutorial/Steps/Duel_Controls/DuelTutorialStep06.cs using Guid(c64371e3fd6fb5e48becf6b0162508e0) Importer(815301076,1909f56bfc062723c751e8b465ee728b) [PhysX] Initialized MultithreadedTaskDispatcher with 16 workers.
 -> (artifact id: 'fa4425192caba232e0ff35fb2b433d47') in 0.000842 seconds
Number of updated asset objects reloaded before import = 0
Number of asset objects unloaded after import = 0
========================================================================
Received Prepare
Caller must complete domain reload
Begin MonoManager ReloadAssembly
Symbol file LoadedFromMemory is not a mono symbol file
- Loaded All Assemblies, in  0.937 seconds
Native extension for WindowsStandalone target not found
Mono: successfully reloaded assembly
- Finished resetting the current domain, in  2.038 seconds
Domain Reload Profiling: 2967ms
	BeginReloadAssembly (269ms)
		ExecutionOrderSort (0ms)
		DisableScriptedObjects (9ms)
		BackupInstance (0ms)
		ReleaseScriptingObjects (0ms)
		CreateAndSetChildDomain (93ms)
	RebuildCommonClasses (57ms)
	RebuildNativeTypeToScriptingClass (15ms)
	initialDomainReloadingComplete (53ms)
	LoadAllAssembliesAndSetupDomain (535ms)
		LoadAssemblies (585ms)
		RebuildTransferFunctionScriptingTraits (0ms)
		AnalyzeDomain (73ms)
			TypeCache.Refresh (14ms)
				TypeCache.ScanAssembly (1ms)
			ScanForSourceGeneratedMonoScriptInfo (37ms)
			ResolveRequiredComponents (21ms)
	FinalizeReload (2038ms)
		ReleaseScriptCaches (0ms)
		RebuildScriptCaches (0ms)
		SetupLoadedEditorAssemblies (1002ms)
			LogAssemblyErrors (0ms)
			InitializePlatformSupportModulesInManaged (10ms)
			SetLoadedEditorAssemblies (10ms)
			RefreshPlugins (0ms)
			BeforeProcessingInitializeOnLoad (165ms)
			ProcessInitializeOnLoadAttributes (533ms)
			ProcessInitializeOnLoadMethodAttributes (273ms)
			AfterProcessingInitializeOnLoad (10ms)
			EditorAssembliesLoaded (1ms)
		ExecutionOrderSort2 (0ms)
		AwakeInstancesAfterBackupRestoration (20ms)
Refreshing native plugins compatible for Editor in 16.84 ms, found 3 plugins.
Preloading 0 native plugins for Editor in 0.00 ms.
Unloading 6464 Unused Serialized files (Serialized files now loaded: 0)
Unloading 39 unused Assets / (2.1 MB). Loaded Objects now: 7141.
Memory consumption went from 227.6 MB to 225.5 MB.
Total: 13.327200 ms (FindLiveObjects: 0.972600 ms CreateObjectMapping: 0.610000 ms MarkObjects: 10.864500 ms  DeleteObjects: 0.878200 ms)

Prepare: number of updated asset objects reloaded= 0
AssetImportParameters requested are different than current active one (requested -> active):
  custom:container-demuxer-ogg: 62fdf1f143b41e24485cea50d1cbac27 -> 
  custom:framework-win-MediaFoundation: 216162199b28c13a410421893ffa2e32 -> 
  custom:container-muxer-webm: aa71ff27fc2769a1b78a27578f13a17b -> 
  custom:scripting/monoscript/fileName/DuelTutorialStep03.cs: 51a0be43b5a34c620a2e0009788762da -> 
  custom:video-decoder-webm-vp8: 9c59270c3fd7afecdb556c50c9e8de78 -> 
  custom:SearchIndexIgnoredProperties: e643bd26f0fe6173181afceb89e7c659 -> 
  custom:AudioImporter_EditorPlatform: d09bf68614088b80899f8185d706f6e7 -> 
  custom:audio-decoder-ogg-vorbis: bf7c407c2cedff20999df2af8eb42d56 -> 
  custom:audio-encoder-webm-vorbis: bf7c407c2cedff20999df2af8eb42d56 -> 
  custom:scripting/precompiled-assembly-types:Assembly-CSharp: a959746ab4b5e5cc8ae8975c2cfb4019 -> 4998fad43d7330c52048e16c2e9f5599
  custom:video-codec-MediaFoundation-h265: 746d11721c4dcdbdad8f713fa42b33f4 -> 
  custom:video-decoder-ogg-theora: a1e56fd34408186e4bbccfd4996cb3dc -> 
  custom:CustomObjectIndexerAttribute: 3ead1caaecf1c488f20bcfeb224b6af5 -> 
  custom:container-demuxer-webm: 4f35f7cbe854078d1ac9338744f61a02 -> 
  custom:scripting/monoscript/fileName/DuelTutorialStep06.cs: d374ed859a0db518cb8310c2cc5d0359 -> 
  custom:video-encoder-webm-vp8: eb34c28f22e8b96e1ab97ce403110664 -> 
========================================================================
Received Import Request.
  Time since last request: 10.133883 seconds.
  path: Assets/Scripts/Tutorial/Steps/Duel_Controls/DuelTutorialStep06.cs
  artifactKey: Guid(c64371e3fd6fb5e48becf6b0162508e0) Importer(815301076,1909f56bfc062723c751e8b465ee728b)
Start importing Assets/Scripts/Tutorial/Steps/Duel_Controls/DuelTutorialStep06.cs using Guid(c64371e3fd6fb5e48becf6b0162508e0) Importer(815301076,1909f56bfc062723c751e8b465ee728b) [PhysX] Initialized MultithreadedTaskDispatcher with 16 workers.
 -> (artifact id: '8bab6275963110bb996df69d2fdf3880') in 0.002825 seconds
Number of updated asset objects reloaded before import = 0
Number of asset objects unloaded after import = 0
========================================================================
Received Prepare
Caller must complete domain reload
Begin MonoManager ReloadAssembly
Symbol file LoadedFromMemory is not a mono symbol file
- Loaded All Assemblies, in  0.793 seconds
Native extension for WindowsStandalone target not found
Mono: successfully reloaded assembly
- Finished resetting the current domain, in  1.948 seconds
Domain Reload Profiling: 2735ms
	BeginReloadAssembly (222ms)
		ExecutionOrderSort (0ms)
		DisableScriptedObjects (9ms)
		BackupInstance (0ms)
		ReleaseScriptingObjects (0ms)
		CreateAndSetChildDomain (68ms)
	RebuildCommonClasses (47ms)
	RebuildNativeTypeToScriptingClass (16ms)
	initialDomainReloadingComplete (44ms)
	LoadAllAssembliesAndSetupDomain (456ms)
		LoadAssemblies (505ms)
		RebuildTransferFunctionScriptingTraits (0ms)
		AnalyzeDomain (53ms)
			TypeCache.Refresh (11ms)
				TypeCache.ScanAssembly (1ms)
			ScanForSourceGeneratedMonoScriptInfo (28ms)
			ResolveRequiredComponents (13ms)
	FinalizeReload (1949ms)
		ReleaseScriptCaches (0ms)
		RebuildScriptCaches (0ms)
		SetupLoadedEditorAssemblies (1009ms)
			LogAssemblyErrors (0ms)
			InitializePlatformSupportModulesInManaged (7ms)
			SetLoadedEditorAssemblies (7ms)
			RefreshPlugins (0ms)
			BeforeProcessingInitializeOnLoad (210ms)
			ProcessInitializeOnLoadAttributes (528ms)
			ProcessInitializeOnLoadMethodAttributes (246ms)
			AfterProcessingInitializeOnLoad (10ms)
			EditorAssembliesLoaded (1ms)
		ExecutionOrderSort2 (0ms)
		AwakeInstancesAfterBackupRestoration (14ms)
Refreshing native plugins compatible for Editor in 15.57 ms, found 3 plugins.
Preloading 0 native plugins for Editor in 0.00 ms.
Unloading 6464 Unused Serialized files (Serialized files now loaded: 0)
Unloading 39 unused Assets / (2.1 MB). Loaded Objects now: 7145.
Memory consumption went from 227.6 MB to 225.4 MB.
Total: 15.964000 ms (FindLiveObjects: 1.342000 ms CreateObjectMapping: 0.757300 ms MarkObjects: 13.029000 ms  DeleteObjects: 0.833700 ms)

Prepare: number of updated asset objects reloaded= 0
AssetImportParameters requested are different than current active one (requested -> active):
  custom:container-demuxer-ogg: 62fdf1f143b41e24485cea50d1cbac27 -> 
  custom:framework-win-MediaFoundation: 216162199b28c13a410421893ffa2e32 -> 
  custom:container-muxer-webm: aa71ff27fc2769a1b78a27578f13a17b -> 
  custom:scripting/monoscript/fileName/DuelTutorialStep03.cs: 51a0be43b5a34c620a2e0009788762da -> 
  custom:video-decoder-webm-vp8: 9c59270c3fd7afecdb556c50c9e8de78 -> 
  custom:SearchIndexIgnoredProperties: e643bd26f0fe6173181afceb89e7c659 -> 
  custom:AudioImporter_EditorPlatform: d09bf68614088b80899f8185d706f6e7 -> 
  custom:audio-decoder-ogg-vorbis: bf7c407c2cedff20999df2af8eb42d56 -> 
  custom:audio-encoder-webm-vorbis: bf7c407c2cedff20999df2af8eb42d56 -> 
  custom:scripting/precompiled-assembly-types:Assembly-CSharp: a959746ab4b5e5cc8ae8975c2cfb4019 -> 4998fad43d7330c52048e16c2e9f5599
  custom:video-codec-MediaFoundation-h265: 746d11721c4dcdbdad8f713fa42b33f4 -> 
  custom:video-decoder-ogg-theora: a1e56fd34408186e4bbccfd4996cb3dc -> 
  custom:CustomObjectIndexerAttribute: 3ead1caaecf1c488f20bcfeb224b6af5 -> 
  custom:container-demuxer-webm: 4f35f7cbe854078d1ac9338744f61a02 -> 
  custom:scripting/monoscript/fileName/DuelTutorialStep06.cs: d374ed859a0db518cb8310c2cc5d0359 -> 
  custom:video-encoder-webm-vp8: eb34c28f22e8b96e1ab97ce403110664 -> 
========================================================================
Received Import Request.
  Time since last request: 16.910404 seconds.
  path: Assets/Scripts/Tutorial/Steps/Duel_Controls/DuelTutorialStep06.cs
  artifactKey: Guid(c64371e3fd6fb5e48becf6b0162508e0) Importer(815301076,1909f56bfc062723c751e8b465ee728b)
Start importing Assets/Scripts/Tutorial/Steps/Duel_Controls/DuelTutorialStep06.cs using Guid(c64371e3fd6fb5e48becf6b0162508e0) Importer(815301076,1909f56bfc062723c751e8b465ee728b) [PhysX] Initialized MultithreadedTaskDispatcher with 16 workers.
 -> (artifact id: 'f87a9dfd3934686e2b468f1d68ee642f') in 0.002896 seconds
Number of updated asset objects reloaded before import = 0
Number of asset objects unloaded after import = 0
========================================================================
Received Prepare
Caller must complete domain reload
Begin MonoManager ReloadAssembly
Symbol file LoadedFromMemory is not a mono symbol file
- Loaded All Assemblies, in  0.820 seconds
Native extension for WindowsStandalone target not found
Mono: successfully reloaded assembly
- Finished resetting the current domain, in  1.684 seconds
Domain Reload Profiling: 2495ms
	BeginReloadAssembly (222ms)
		ExecutionOrderSort (0ms)
		DisableScriptedObjects (10ms)
		BackupInstance (0ms)
		ReleaseScriptingObjects (0ms)
		CreateAndSetChildDomain (64ms)
	RebuildCommonClasses (51ms)
	RebuildNativeTypeToScriptingClass (15ms)
	initialDomainReloadingComplete (51ms)
	LoadAllAssembliesAndSetupDomain (471ms)
		LoadAssemblies (516ms)
		RebuildTransferFunctionScriptingTraits (0ms)
		AnalyzeDomain (62ms)
			TypeCache.Refresh (13ms)
				TypeCache.ScanAssembly (1ms)
			ScanForSourceGeneratedMonoScriptInfo (35ms)
			ResolveRequiredComponents (13ms)
	FinalizeReload (1685ms)
		ReleaseScriptCaches (0ms)
		RebuildScriptCaches (0ms)
		SetupLoadedEditorAssemblies (819ms)
			LogAssemblyErrors (0ms)
			InitializePlatformSupportModulesInManaged (6ms)
			SetLoadedEditorAssemblies (5ms)
			RefreshPlugins (0ms)
			BeforeProcessingInitializeOnLoad (151ms)
			ProcessInitializeOnLoadAttributes (461ms)
			ProcessInitializeOnLoadMethodAttributes (189ms)
			AfterProcessingInitializeOnLoad (6ms)
			EditorAssembliesLoaded (0ms)
		ExecutionOrderSort2 (0ms)
		AwakeInstancesAfterBackupRestoration (11ms)
Refreshing native plugins compatible for Editor in 16.56 ms, found 3 plugins.
Preloading 0 native plugins for Editor in 0.00 ms.
Unloading 6464 Unused Serialized files (Serialized files now loaded: 0)
Unloading 39 unused Assets / (2.1 MB). Loaded Objects now: 7149.
Memory consumption went from 227.6 MB to 225.5 MB.
Total: 12.018300 ms (FindLiveObjects: 0.466300 ms CreateObjectMapping: 0.424900 ms MarkObjects: 10.490100 ms  DeleteObjects: 0.635900 ms)

Prepare: number of updated asset objects reloaded= 0
AssetImportParameters requested are different than current active one (requested -> active):
  custom:container-demuxer-ogg: 62fdf1f143b41e24485cea50d1cbac27 -> 
  custom:framework-win-MediaFoundation: 216162199b28c13a410421893ffa2e32 -> 
  custom:container-muxer-webm: aa71ff27fc2769a1b78a27578f13a17b -> 
  custom:scripting/monoscript/fileName/DuelTutorialStep03.cs: 51a0be43b5a34c620a2e0009788762da -> 
  custom:video-decoder-webm-vp8: 9c59270c3fd7afecdb556c50c9e8de78 -> 
  custom:SearchIndexIgnoredProperties: e643bd26f0fe6173181afceb89e7c659 -> 
  custom:AudioImporter_EditorPlatform: d09bf68614088b80899f8185d706f6e7 -> 
  custom:audio-decoder-ogg-vorbis: bf7c407c2cedff20999df2af8eb42d56 -> 
  custom:audio-encoder-webm-vorbis: bf7c407c2cedff20999df2af8eb42d56 -> 
  custom:scripting/precompiled-assembly-types:Assembly-CSharp: a959746ab4b5e5cc8ae8975c2cfb4019 -> 4998fad43d7330c52048e16c2e9f5599
  custom:video-codec-MediaFoundation-h265: 746d11721c4dcdbdad8f713fa42b33f4 -> 
  custom:video-decoder-ogg-theora: a1e56fd34408186e4bbccfd4996cb3dc -> 
  custom:CustomObjectIndexerAttribute: 3ead1caaecf1c488f20bcfeb224b6af5 -> 
  custom:container-demuxer-webm: 4f35f7cbe854078d1ac9338744f61a02 -> 
  custom:scripting/monoscript/fileName/DuelTutorialStep06.cs: d374ed859a0db518cb8310c2cc5d0359 -> 
  custom:video-encoder-webm-vp8: eb34c28f22e8b96e1ab97ce403110664 -> 
========================================================================
Received Prepare
Caller must complete domain reload
Begin MonoManager ReloadAssembly
Symbol file LoadedFromMemory is not a mono symbol file
- Loaded All Assemblies, in  0.811 seconds
Native extension for WindowsStandalone target not found
Mono: successfully reloaded assembly
- Finished resetting the current domain, in  1.766 seconds
Domain Reload Profiling: 2569ms
	BeginReloadAssembly (208ms)
		ExecutionOrderSort (0ms)
		DisableScriptedObjects (8ms)
		BackupInstance (0ms)
		ReleaseScriptingObjects (0ms)
		CreateAndSetChildDomain (54ms)
	RebuildCommonClasses (46ms)
	RebuildNativeTypeToScriptingClass (15ms)
	initialDomainReloadingComplete (48ms)
	LoadAllAssembliesAndSetupDomain (486ms)
		LoadAssemblies (521ms)
		RebuildTransferFunctionScriptingTraits (0ms)
		AnalyzeDomain (69ms)
			TypeCache.Refresh (15ms)
				TypeCache.ScanAssembly (2ms)
			ScanForSourceGeneratedMonoScriptInfo (36ms)
			ResolveRequiredComponents (15ms)
	FinalizeReload (1767ms)
		ReleaseScriptCaches (0ms)
		RebuildScriptCaches (0ms)
		SetupLoadedEditorAssemblies (833ms)
			LogAssemblyErrors (0ms)
			InitializePlatformSupportModulesInManaged (7ms)
			SetLoadedEditorAssemblies (5ms)
			RefreshPlugins (0ms)
			BeforeProcessingInitializeOnLoad (154ms)
			ProcessInitializeOnLoadAttributes (438ms)
			ProcessInitializeOnLoadMethodAttributes (218ms)
			AfterProcessingInitializeOnLoad (10ms)
			EditorAssembliesLoaded (1ms)
		ExecutionOrderSort2 (0ms)
		AwakeInstancesAfterBackupRestoration (16ms)
Refreshing native plugins compatible for Editor in 14.35 ms, found 3 plugins.
Preloading 0 native plugins for Editor in 0.00 ms.
Unloading 6464 Unused Serialized files (Serialized files now loaded: 0)
Unloading 39 unused Assets / (2.1 MB). Loaded Objects now: 7153.
Memory consumption went from 227.6 MB to 225.5 MB.
Total: 11.477600 ms (FindLiveObjects: 1.123800 ms CreateObjectMapping: 0.615400 ms MarkObjects: 8.974100 ms  DeleteObjects: 0.763100 ms)

Prepare: number of updated asset objects reloaded= 0
AssetImportParameters requested are different than current active one (requested -> active):
  custom:container-demuxer-ogg: 62fdf1f143b41e24485cea50d1cbac27 -> 
  custom:framework-win-MediaFoundation: 216162199b28c13a410421893ffa2e32 -> 
  custom:container-muxer-webm: aa71ff27fc2769a1b78a27578f13a17b -> 
  custom:scripting/monoscript/fileName/DuelTutorialStep03.cs: 51a0be43b5a34c620a2e0009788762da -> 
  custom:video-decoder-webm-vp8: 9c59270c3fd7afecdb556c50c9e8de78 -> 
  custom:SearchIndexIgnoredProperties: e643bd26f0fe6173181afceb89e7c659 -> 
  custom:AudioImporter_EditorPlatform: d09bf68614088b80899f8185d706f6e7 -> 
  custom:audio-decoder-ogg-vorbis: bf7c407c2cedff20999df2af8eb42d56 -> 
  custom:audio-encoder-webm-vorbis: bf7c407c2cedff20999df2af8eb42d56 -> 
  custom:scripting/precompiled-assembly-types:Assembly-CSharp: a959746ab4b5e5cc8ae8975c2cfb4019 -> 4998fad43d7330c52048e16c2e9f5599
  custom:video-codec-MediaFoundation-h265: 746d11721c4dcdbdad8f713fa42b33f4 -> 
  custom:video-decoder-ogg-theora: a1e56fd34408186e4bbccfd4996cb3dc -> 
  custom:CustomObjectIndexerAttribute: 3ead1caaecf1c488f20bcfeb224b6af5 -> 
  custom:container-demuxer-webm: 4f35f7cbe854078d1ac9338744f61a02 -> 
  custom:scripting/monoscript/fileName/DuelTutorialStep06.cs: d374ed859a0db518cb8310c2cc5d0359 -> 
  custom:video-encoder-webm-vp8: eb34c28f22e8b96e1ab97ce403110664 -> 
========================================================================
Received Prepare
Caller must complete domain reload
Begin MonoManager ReloadAssembly
Symbol file LoadedFromMemory is not a mono symbol file
- Loaded All Assemblies, in  0.619 seconds
Native extension for WindowsStandalone target not found
Mono: successfully reloaded assembly
- Finished resetting the current domain, in  1.625 seconds
Domain Reload Profiling: 2238ms
	BeginReloadAssembly (159ms)
		ExecutionOrderSort (0ms)
		DisableScriptedObjects (6ms)
		BackupInstance (0ms)
		ReleaseScriptingObjects (0ms)
		CreateAndSetChildDomain (46ms)
	RebuildCommonClasses (30ms)
	RebuildNativeTypeToScriptingClass (16ms)
	initialDomainReloadingComplete (31ms)
	LoadAllAssembliesAndSetupDomain (376ms)
		LoadAssemblies (397ms)
		RebuildTransferFunctionScriptingTraits (0ms)
		AnalyzeDomain (53ms)
			TypeCache.Refresh (12ms)
				TypeCache.ScanAssembly (1ms)
			ScanForSourceGeneratedMonoScriptInfo (28ms)
			ResolveRequiredComponents (12ms)
	FinalizeReload (1626ms)
		ReleaseScriptCaches (0ms)
		RebuildScriptCaches (0ms)
		SetupLoadedEditorAssemblies (786ms)
			LogAssemblyErrors (0ms)
			InitializePlatformSupportModulesInManaged (7ms)
			SetLoadedEditorAssemblies (5ms)
			RefreshPlugins (0ms)
			BeforeProcessingInitializeOnLoad (140ms)
			ProcessInitializeOnLoadAttributes (451ms)
			ProcessInitializeOnLoadMethodAttributes (177ms)
			AfterProcessingInitializeOnLoad (6ms)
			EditorAssembliesLoaded (0ms)
		ExecutionOrderSort2 (0ms)
		AwakeInstancesAfterBackupRestoration (11ms)
Refreshing native plugins compatible for Editor in 14.48 ms, found 3 plugins.
Preloading 0 native plugins for Editor in 0.00 ms.
Unloading 6464 Unused Serialized files (Serialized files now loaded: 0)
Unloading 39 unused Assets / (2.1 MB). Loaded Objects now: 7157.
Memory consumption went from 227.6 MB to 225.5 MB.
Total: 10.501800 ms (FindLiveObjects: 0.445000 ms CreateObjectMapping: 0.404600 ms MarkObjects: 9.040000 ms  DeleteObjects: 0.611000 ms)

Prepare: number of updated asset objects reloaded= 0
AssetImportParameters requested are different than current active one (requested -> active):
  custom:container-demuxer-ogg: 62fdf1f143b41e24485cea50d1cbac27 -> 
  custom:framework-win-MediaFoundation: 216162199b28c13a410421893ffa2e32 -> 
  custom:container-muxer-webm: aa71ff27fc2769a1b78a27578f13a17b -> 
  custom:scripting/monoscript/fileName/DuelTutorialStep03.cs: 51a0be43b5a34c620a2e0009788762da -> 
  custom:video-decoder-webm-vp8: 9c59270c3fd7afecdb556c50c9e8de78 -> 
  custom:SearchIndexIgnoredProperties: e643bd26f0fe6173181afceb89e7c659 -> 
  custom:AudioImporter_EditorPlatform: d09bf68614088b80899f8185d706f6e7 -> 
  custom:audio-decoder-ogg-vorbis: bf7c407c2cedff20999df2af8eb42d56 -> 
  custom:audio-encoder-webm-vorbis: bf7c407c2cedff20999df2af8eb42d56 -> 
  custom:scripting/precompiled-assembly-types:Assembly-CSharp: a959746ab4b5e5cc8ae8975c2cfb4019 -> 4998fad43d7330c52048e16c2e9f5599
  custom:video-codec-MediaFoundation-h265: 746d11721c4dcdbdad8f713fa42b33f4 -> 
  custom:video-decoder-ogg-theora: a1e56fd34408186e4bbccfd4996cb3dc -> 
  custom:CustomObjectIndexerAttribute: 3ead1caaecf1c488f20bcfeb224b6af5 -> 
  custom:container-demuxer-webm: 4f35f7cbe854078d1ac9338744f61a02 -> 
  custom:scripting/monoscript/fileName/DuelTutorialStep06.cs: d374ed859a0db518cb8310c2cc5d0359 -> 
  custom:video-encoder-webm-vp8: eb34c28f22e8b96e1ab97ce403110664 -> 
========================================================================
Received Import Request.
  Time since last request: 103.089409 seconds.
  path: Assets/Scripts/Tutorial/Steps/Duel_Controls/DuelTutorialStep00.cs
  artifactKey: Guid(b6299dae713cac24595e46fcf223b82e) Importer(815301076,1909f56bfc062723c751e8b465ee728b)
Start importing Assets/Scripts/Tutorial/Steps/Duel_Controls/DuelTutorialStep00.cs using Guid(b6299dae713cac24595e46fcf223b82e) Importer(815301076,1909f56bfc062723c751e8b465ee728b) [PhysX] Initialized MultithreadedTaskDispatcher with 16 workers.
 -> (artifact id: '817e2fd7c636acb2cdee1eac53e09ae8') in 0.011969 seconds
Number of updated asset objects reloaded before import = 0
Number of asset objects unloaded after import = 0
========================================================================
Received Prepare
Caller must complete domain reload
Begin MonoManager ReloadAssembly
Symbol file LoadedFromMemory is not a mono symbol file
- Loaded All Assemblies, in  0.858 seconds
Native extension for WindowsStandalone target not found
Mono: successfully reloaded assembly
- Finished resetting the current domain, in  1.661 seconds
Domain Reload Profiling: 2510ms
	BeginReloadAssembly (253ms)
		ExecutionOrderSort (0ms)
		DisableScriptedObjects (10ms)
		BackupInstance (0ms)
		ReleaseScriptingObjects (0ms)
		CreateAndSetChildDomain (80ms)
	RebuildCommonClasses (45ms)
	RebuildNativeTypeToScriptingClass (17ms)
	initialDomainReloadingComplete (42ms)
	LoadAllAssembliesAndSetupDomain (492ms)
		LoadAssemblies (548ms)
		RebuildTransferFunctionScriptingTraits (0ms)
		AnalyzeDomain (62ms)
			TypeCache.Refresh (16ms)
				TypeCache.ScanAssembly (2ms)
			ScanForSourceGeneratedMonoScriptInfo (30ms)
			ResolveRequiredComponents (14ms)
	FinalizeReload (1661ms)
		ReleaseScriptCaches (0ms)
		RebuildScriptCaches (0ms)
		SetupLoadedEditorAssemblies (789ms)
			LogAssemblyErrors (0ms)
			InitializePlatformSupportModulesInManaged (7ms)
			SetLoadedEditorAssemblies (5ms)
			RefreshPlugins (0ms)
			BeforeProcessingInitializeOnLoad (141ms)
			ProcessInitializeOnLoadAttributes (438ms)
			ProcessInitializeOnLoadMethodAttributes (190ms)
			AfterProcessingInitializeOnLoad (7ms)
			EditorAssembliesLoaded (0ms)
		ExecutionOrderSort2 (0ms)
		AwakeInstancesAfterBackupRestoration (12ms)
Refreshing native plugins compatible for Editor in 16.98 ms, found 3 plugins.
Preloading 0 native plugins for Editor in 0.00 ms.
Unloading 6465 Unused Serialized files (Serialized files now loaded: 0)
Unloading 39 unused Assets / (2.1 MB). Loaded Objects now: 7162.
Memory consumption went from 227.7 MB to 225.5 MB.
Total: 10.216400 ms (FindLiveObjects: 0.846300 ms CreateObjectMapping: 0.539800 ms MarkObjects: 8.170500 ms  DeleteObjects: 0.658400 ms)

Prepare: number of updated asset objects reloaded= 0
AssetImportParameters requested are different than current active one (requested -> active):
  custom:container-demuxer-ogg: 62fdf1f143b41e24485cea50d1cbac27 -> 
  custom:framework-win-MediaFoundation: 216162199b28c13a410421893ffa2e32 -> 
  custom:container-muxer-webm: aa71ff27fc2769a1b78a27578f13a17b -> 
  custom:scripting/monoscript/fileName/DuelTutorialStep03.cs: 51a0be43b5a34c620a2e0009788762da -> 
  custom:video-decoder-webm-vp8: 9c59270c3fd7afecdb556c50c9e8de78 -> 
  custom:SearchIndexIgnoredProperties: e643bd26f0fe6173181afceb89e7c659 -> 
  custom:AudioImporter_EditorPlatform: d09bf68614088b80899f8185d706f6e7 -> 
  custom:audio-decoder-ogg-vorbis: bf7c407c2cedff20999df2af8eb42d56 -> 
  custom:scripting/monoscript/fileName/DuelTutorialStep00.cs: 74e330ee5951d5f99b08b0c3dec5cd64 -> 
  custom:audio-encoder-webm-vorbis: bf7c407c2cedff20999df2af8eb42d56 -> 
  custom:scripting/precompiled-assembly-types:Assembly-CSharp: 476cc303cd6b601829fd260a5e71a583 -> 4998fad43d7330c52048e16c2e9f5599
  custom:video-codec-MediaFoundation-h265: 746d11721c4dcdbdad8f713fa42b33f4 -> 
  custom:video-decoder-ogg-theora: a1e56fd34408186e4bbccfd4996cb3dc -> 
  custom:CustomObjectIndexerAttribute: 3ead1caaecf1c488f20bcfeb224b6af5 -> 
  custom:container-demuxer-webm: 4f35f7cbe854078d1ac9338744f61a02 -> 
  custom:scripting/monoscript/fileName/DuelTutorialStep06.cs: d374ed859a0db518cb8310c2cc5d0359 -> 
  custom:video-encoder-webm-vp8: eb34c28f22e8b96e1ab97ce403110664 -> 
========================================================================
Received Import Request.
  Time since last request: 17.796067 seconds.
  path: Assets/Scripts/Tutorial/Steps/Duel_Controls/DuelTutorialStep00.cs
  artifactKey: Guid(b6299dae713cac24595e46fcf223b82e) Importer(815301076,1909f56bfc062723c751e8b465ee728b)
Start importing Assets/Scripts/Tutorial/Steps/Duel_Controls/DuelTutorialStep00.cs using Guid(b6299dae713cac24595e46fcf223b82e) Importer(815301076,1909f56bfc062723c751e8b465ee728b) [PhysX] Initialized MultithreadedTaskDispatcher with 16 workers.
 -> (artifact id: '665f82b8ff9b9092cc9a070f92a6d054') in 0.007279 seconds
Number of updated asset objects reloaded before import = 0
Number of asset objects unloaded after import = 0
========================================================================
Received Import Request.
  Time since last request: 9.072505 seconds.
  path: Assets/Scripts/Tutorial/Steps/Duel_Controls/DuelTutorialStep00.cs
  artifactKey: Guid(b6299dae713cac24595e46fcf223b82e) Importer(815301076,1909f56bfc062723c751e8b465ee728b)
Start importing Assets/Scripts/Tutorial/Steps/Duel_Controls/DuelTutorialStep00.cs using Guid(b6299dae713cac24595e46fcf223b82e) Importer(815301076,1909f56bfc062723c751e8b465ee728b) [PhysX] Initialized MultithreadedTaskDispatcher with 16 workers.
 -> (artifact id: 'f584e07d835c304b1f76b31373172d24') in 0.000864 seconds
Number of updated asset objects reloaded before import = 0
Number of asset objects unloaded after import = 0
========================================================================
Received Prepare
Caller must complete domain reload
Begin MonoManager ReloadAssembly
Symbol file LoadedFromMemory is not a mono symbol file
- Loaded All Assemblies, in  1.050 seconds
Native extension for WindowsStandalone target not found
Mono: successfully reloaded assembly
- Finished resetting the current domain, in  2.189 seconds
Domain Reload Profiling: 3229ms
	BeginReloadAssembly (287ms)
		ExecutionOrderSort (0ms)
		DisableScriptedObjects (11ms)
		BackupInstance (0ms)
		ReleaseScriptingObjects (0ms)
		CreateAndSetChildDomain (95ms)
	RebuildCommonClasses (57ms)
	RebuildNativeTypeToScriptingClass (18ms)
	initialDomainReloadingComplete (53ms)
	LoadAllAssembliesAndSetupDomain (626ms)
		LoadAssemblies (671ms)
		RebuildTransferFunctionScriptingTraits (0ms)
		AnalyzeDomain (87ms)
			TypeCache.Refresh (16ms)
				TypeCache.ScanAssembly (2ms)
			ScanForSourceGeneratedMonoScriptInfo (46ms)
			ResolveRequiredComponents (22ms)
	FinalizeReload (2190ms)
		ReleaseScriptCaches (0ms)
		RebuildScriptCaches (0ms)
		SetupLoadedEditorAssemblies (1037ms)
			LogAssemblyErrors (0ms)
			InitializePlatformSupportModulesInManaged (8ms)
			SetLoadedEditorAssemblies (5ms)
			RefreshPlugins (0ms)
			BeforeProcessingInitializeOnLoad (185ms)
			ProcessInitializeOnLoadAttributes (610ms)
			ProcessInitializeOnLoadMethodAttributes (218ms)
			AfterProcessingInitializeOnLoad (9ms)
			EditorAssembliesLoaded (1ms)
		ExecutionOrderSort2 (0ms)
		AwakeInstancesAfterBackupRestoration (12ms)
Refreshing native plugins compatible for Editor in 16.37 ms, found 3 plugins.
Preloading 0 native plugins for Editor in 0.00 ms.
Unloading 6465 Unused Serialized files (Serialized files now loaded: 0)
Unloading 39 unused Assets / (2.1 MB). Loaded Objects now: 7166.
Memory consumption went from 227.6 MB to 225.5 MB.
Total: 13.503200 ms (FindLiveObjects: 0.986400 ms CreateObjectMapping: 0.663000 ms MarkObjects: 11.050200 ms  DeleteObjects: 0.801600 ms)

Prepare: number of updated asset objects reloaded= 0
AssetImportParameters requested are different than current active one (requested -> active):
  custom:container-demuxer-ogg: 62fdf1f143b41e24485cea50d1cbac27 -> 
  custom:framework-win-MediaFoundation: 216162199b28c13a410421893ffa2e32 -> 
  custom:container-muxer-webm: aa71ff27fc2769a1b78a27578f13a17b -> 
  custom:scripting/monoscript/fileName/DuelTutorialStep03.cs: 51a0be43b5a34c620a2e0009788762da -> 
  custom:video-decoder-webm-vp8: 9c59270c3fd7afecdb556c50c9e8de78 -> 
  custom:SearchIndexIgnoredProperties: e643bd26f0fe6173181afceb89e7c659 -> 
  custom:AudioImporter_EditorPlatform: d09bf68614088b80899f8185d706f6e7 -> 
  custom:audio-decoder-ogg-vorbis: bf7c407c2cedff20999df2af8eb42d56 -> 
  custom:scripting/monoscript/fileName/DuelTutorialStep00.cs: 74e330ee5951d5f99b08b0c3dec5cd64 -> 
  custom:audio-encoder-webm-vorbis: bf7c407c2cedff20999df2af8eb42d56 -> 
  custom:scripting/precompiled-assembly-types:Assembly-CSharp: 476cc303cd6b601829fd260a5e71a583 -> 4998fad43d7330c52048e16c2e9f5599
  custom:video-codec-MediaFoundation-h265: 746d11721c4dcdbdad8f713fa42b33f4 -> 
  custom:video-decoder-ogg-theora: a1e56fd34408186e4bbccfd4996cb3dc -> 
  custom:CustomObjectIndexerAttribute: 3ead1caaecf1c488f20bcfeb224b6af5 -> 
  custom:container-demuxer-webm: 4f35f7cbe854078d1ac9338744f61a02 -> 
  custom:scripting/monoscript/fileName/DuelTutorialStep06.cs: d374ed859a0db518cb8310c2cc5d0359 -> 
  custom:video-encoder-webm-vp8: eb34c28f22e8b96e1ab97ce403110664 -> 
========================================================================
Received Import Request.
  Time since last request: 13.165132 seconds.
  path: Assets/Scripts/Tutorial/Steps/Duel_Controls/DuelTutorialStep00.cs
  artifactKey: Guid(b6299dae713cac24595e46fcf223b82e) Importer(815301076,1909f56bfc062723c751e8b465ee728b)
Start importing Assets/Scripts/Tutorial/Steps/Duel_Controls/DuelTutorialStep00.cs using Guid(b6299dae713cac24595e46fcf223b82e) Importer(815301076,1909f56bfc062723c751e8b465ee728b) [PhysX] Initialized MultithreadedTaskDispatcher with 16 workers.
 -> (artifact id: 'e51cb6e46c11e373aff00ddf2e0bbc9e') in 0.010396 seconds
Number of updated asset objects reloaded before import = 0
Number of asset objects unloaded after import = 0
========================================================================
Received Prepare
Caller must complete domain reload
Begin MonoManager ReloadAssembly
Symbol file LoadedFromMemory is not a mono symbol file
- Loaded All Assemblies, in  0.860 seconds
Native extension for WindowsStandalone target not found
Mono: successfully reloaded assembly
- Finished resetting the current domain, in  1.878 seconds
Domain Reload Profiling: 2732ms
	BeginReloadAssembly (216ms)
		ExecutionOrderSort (0ms)
		DisableScriptedObjects (9ms)
		BackupInstance (0ms)
		ReleaseScriptingObjects (0ms)
		CreateAndSetChildDomain (66ms)
	RebuildCommonClasses (42ms)
	RebuildNativeTypeToScriptingClass (15ms)
	initialDomainReloadingComplete (45ms)
	LoadAllAssembliesAndSetupDomain (536ms)
		LoadAssemblies (558ms)
		RebuildTransferFunctionScriptingTraits (0ms)
		AnalyzeDomain (77ms)
			TypeCache.Refresh (16ms)
				TypeCache.ScanAssembly (2ms)
			ScanForSourceGeneratedMonoScriptInfo (41ms)
			ResolveRequiredComponents (18ms)
	FinalizeReload (1879ms)
		ReleaseScriptCaches (0ms)
		RebuildScriptCaches (0ms)
		SetupLoadedEditorAssemblies (891ms)
			LogAssemblyErrors (0ms)
			InitializePlatformSupportModulesInManaged (10ms)
			SetLoadedEditorAssemblies (7ms)
			RefreshPlugins (0ms)
			BeforeProcessingInitializeOnLoad (172ms)
			ProcessInitializeOnLoadAttributes (482ms)
			ProcessInitializeOnLoadMethodAttributes (210ms)
			AfterProcessingInitializeOnLoad (8ms)
			EditorAssembliesLoaded (1ms)
		ExecutionOrderSort2 (0ms)
		AwakeInstancesAfterBackupRestoration (12ms)
Refreshing native plugins compatible for Editor in 16.88 ms, found 3 plugins.
Preloading 0 native plugins for Editor in 0.00 ms.
Unloading 6465 Unused Serialized files (Serialized files now loaded: 0)
Unloading 39 unused Assets / (2.1 MB). Loaded Objects now: 7170.
Memory consumption went from 227.7 MB to 225.5 MB.
Total: 9.668700 ms (FindLiveObjects: 0.705500 ms CreateObjectMapping: 0.447800 ms MarkObjects: 7.900100 ms  DeleteObjects: 0.613800 ms)

Prepare: number of updated asset objects reloaded= 0
AssetImportParameters requested are different than current active one (requested -> active):
  custom:container-demuxer-ogg: 62fdf1f143b41e24485cea50d1cbac27 -> 
  custom:framework-win-MediaFoundation: 216162199b28c13a410421893ffa2e32 -> 
  custom:container-muxer-webm: aa71ff27fc2769a1b78a27578f13a17b -> 
  custom:scripting/monoscript/fileName/DuelTutorialStep03.cs: 51a0be43b5a34c620a2e0009788762da -> 
  custom:video-decoder-webm-vp8: 9c59270c3fd7afecdb556c50c9e8de78 -> 
  custom:SearchIndexIgnoredProperties: e643bd26f0fe6173181afceb89e7c659 -> 
  custom:AudioImporter_EditorPlatform: d09bf68614088b80899f8185d706f6e7 -> 
  custom:audio-decoder-ogg-vorbis: bf7c407c2cedff20999df2af8eb42d56 -> 
  custom:scripting/monoscript/fileName/DuelTutorialStep00.cs: 74e330ee5951d5f99b08b0c3dec5cd64 -> 
  custom:audio-encoder-webm-vorbis: bf7c407c2cedff20999df2af8eb42d56 -> 
  custom:scripting/precompiled-assembly-types:Assembly-CSharp: 476cc303cd6b601829fd260a5e71a583 -> 4998fad43d7330c52048e16c2e9f5599
  custom:video-codec-MediaFoundation-h265: 746d11721c4dcdbdad8f713fa42b33f4 -> 
  custom:video-decoder-ogg-theora: a1e56fd34408186e4bbccfd4996cb3dc -> 
  custom:CustomObjectIndexerAttribute: 3ead1caaecf1c488f20bcfeb224b6af5 -> 
  custom:container-demuxer-webm: 4f35f7cbe854078d1ac9338744f61a02 -> 
  custom:scripting/monoscript/fileName/DuelTutorialStep06.cs: d374ed859a0db518cb8310c2cc5d0359 -> 
  custom:video-encoder-webm-vp8: eb34c28f22e8b96e1ab97ce403110664 -> 
========================================================================
Received Import Request.
  Time since last request: 27.375100 seconds.
  path: Assets/Prefabs/Tutorial Steps/Duel/Duel_TutorialStep_00.prefab
  artifactKey: Guid(67fe32c35cef52740a23dc3d2cde6a45) Importer(815301076,1909f56bfc062723c751e8b465ee728b)
Start importing Assets/Prefabs/Tutorial Steps/Duel/Duel_TutorialStep_00.prefab using Guid(67fe32c35cef52740a23dc3d2cde6a45) Importer(815301076,1909f56bfc062723c751e8b465ee728b) [PhysX] Initialized MultithreadedTaskDispatcher with 16 workers.
 -> (artifact id: '4a545c5bc2b5a1173d221709c28be5c5') in 0.041605 seconds
Number of updated asset objects reloaded before import = 0
Number of asset objects unloaded after import = 4
========================================================================
Received Import Request.
  Time since last request: 2.754602 seconds.
  path: Assets/Prefabs/Tutorial Steps/Duel/Duel_TutorialStep_00.prefab
  artifactKey: Guid(67fe32c35cef52740a23dc3d2cde6a45) Importer(815301076,1909f56bfc062723c751e8b465ee728b)
Start importing Assets/Prefabs/Tutorial Steps/Duel/Duel_TutorialStep_00.prefab using Guid(67fe32c35cef52740a23dc3d2cde6a45) Importer(815301076,1909f56bfc062723c751e8b465ee728b) [PhysX] Initialized MultithreadedTaskDispatcher with 16 workers.
 -> (artifact id: '4c2d731f7592946e5c237e60aff5b1e1') in 0.002584 seconds
Number of updated asset objects reloaded before import = 0
Number of asset objects unloaded after import = 5
========================================================================
Received Import Request.
  Time since last request: 5.080300 seconds.
  path: Assets/Prefabs/Tutorial Steps/Duel/Duel_TutorialStep_03.prefab
  artifactKey: Guid(85af67e221de94b43aaab263f3da3160) Importer(815301076,1909f56bfc062723c751e8b465ee728b)
Start importing Assets/Prefabs/Tutorial Steps/Duel/Duel_TutorialStep_03.prefab using Guid(85af67e221de94b43aaab263f3da3160) Importer(815301076,1909f56bfc062723c751e8b465ee728b) [PhysX] Initialized MultithreadedTaskDispatcher with 16 workers.
 -> (artifact id: 'bc2c78110303660d3e69050da2eb9c1e') in 0.002009 seconds
Number of updated asset objects reloaded before import = 0
Number of asset objects unloaded after import = 5
========================================================================
Received Import Request.
  Time since last request: 2.746227 seconds.
  path: Assets/Prefabs/Tutorial Steps/Duel/Duel_TutorialStep_03.prefab
  artifactKey: Guid(85af67e221de94b43aaab263f3da3160) Importer(815301076,1909f56bfc062723c751e8b465ee728b)
Start importing Assets/Prefabs/Tutorial Steps/Duel/Duel_TutorialStep_03.prefab using Guid(85af67e221de94b43aaab263f3da3160) Importer(815301076,1909f56bfc062723c751e8b465ee728b) [PhysX] Initialized MultithreadedTaskDispatcher with 16 workers.
 -> (artifact id: 'ededbeba78f501eb0d21b0f47296736c') in 0.004627 seconds
Number of updated asset objects reloaded before import = 0
Number of asset objects unloaded after import = 6
========================================================================
Received Import Request.
  Time since last request: 4.126360 seconds.
  path: Assets/Prefabs/Tutorial Steps/Duel/Duel_TutorialStep_06.prefab
  artifactKey: Guid(13717845ac55fe44b8b4c5607acb3355) Importer(815301076,1909f56bfc062723c751e8b465ee728b)
Start importing Assets/Prefabs/Tutorial Steps/Duel/Duel_TutorialStep_06.prefab using Guid(13717845ac55fe44b8b4c5607acb3355) Importer(815301076,1909f56bfc062723c751e8b465ee728b) [PhysX] Initialized MultithreadedTaskDispatcher with 16 workers.
 -> (artifact id: '17282789f8587f096cc5b594076d060c') in 0.002038 seconds
Number of updated asset objects reloaded before import = 0
Number of asset objects unloaded after import = 5
========================================================================
Received Import Request.
  Time since last request: 3.742820 seconds.
  path: Assets/Prefabs/Tutorial Steps/Duel/Duel_TutorialStep_06.prefab
  artifactKey: Guid(13717845ac55fe44b8b4c5607acb3355) Importer(815301076,1909f56bfc062723c751e8b465ee728b)
Start importing Assets/Prefabs/Tutorial Steps/Duel/Duel_TutorialStep_06.prefab using Guid(13717845ac55fe44b8b4c5607acb3355) Importer(815301076,1909f56bfc062723c751e8b465ee728b) [PhysX] Initialized MultithreadedTaskDispatcher with 16 workers.
 -> (artifact id: 'c4741a931e8a9974291cf2c1b8d5af43') in 0.002429 seconds
Number of updated asset objects reloaded before import = 0
Number of asset objects unloaded after import = 6
========================================================================
Received Import Request.
  Time since last request: 37.250218 seconds.
  path: Assets/Prefabs/Tutorial Steps/Duel/Duel_TutorialStepData_00.asset
  artifactKey: Guid(d05d4b7c9ad2ea34b8efc1ff928ec4e9) Importer(815301076,1909f56bfc062723c751e8b465ee728b)
Start importing Assets/Prefabs/Tutorial Steps/Duel/Duel_TutorialStepData_00.asset using Guid(d05d4b7c9ad2ea34b8efc1ff928ec4e9) Importer(815301076,1909f56bfc062723c751e8b465ee728b) [PhysX] Initialized MultithreadedTaskDispatcher with 16 workers.
 -> (artifact id: 'ab09437c1a49175d921c1257706b567a') in 0.001399 seconds
Number of updated asset objects reloaded before import = 0
Number of asset objects unloaded after import = 1
========================================================================
Received Import Request.
  Time since last request: 4.781067 seconds.
  path: Assets/Scenes/Dual.unity
  artifactKey: Guid(2cda990e2423bbf4892e6590ba056729) Importer(815301076,1909f56bfc062723c751e8b465ee728b)
Start importing Assets/Scenes/Dual.unity using Guid(2cda990e2423bbf4892e6590ba056729) Importer(815301076,1909f56bfc062723c751e8b465ee728b) [PhysX] Initialized MultithreadedTaskDispatcher with 16 workers.
 -> (artifact id: 'd7e2efab757b981f844757bdc59d28d6') in 0.000721 seconds
Number of updated asset objects reloaded before import = 0
Number of asset objects unloaded after import = 0
========================================================================
Received Import Request.
  Time since last request: 20.912580 seconds.
  path: Assets/Prefabs/Part.prefab
  artifactKey: Guid(b95afcfeeef096542814d45d7029db59) Importer(815301076,1909f56bfc062723c751e8b465ee728b)
Start importing Assets/Prefabs/Part.prefab using Guid(b95afcfeeef096542814d45d7029db59) Importer(815301076,1909f56bfc062723c751e8b465ee728b) [PhysX] Initialized MultithreadedTaskDispatcher with 16 workers.
[PhysX] Initialized MultithreadedTaskDispatcher with 16 workers.
 -> (artifact id: 'ec0d09afe381caa735720ee7a67b10cc') in 0.287285 seconds
Number of updated asset objects reloaded before import = 0
Number of asset objects unloaded after import = 109
========================================================================
Received Import Request.
  Time since last request: 2.544703 seconds.
  path: Assets/Prefabs/ArrowsPool.prefab
  artifactKey: Guid(c7e807b079db62e4e8b081c5a762e1f8) Importer(815301076,1909f56bfc062723c751e8b465ee728b)
Start importing Assets/Prefabs/ArrowsPool.prefab using Guid(c7e807b079db62e4e8b081c5a762e1f8) Importer(815301076,1909f56bfc062723c751e8b465ee728b) [PhysX] Initialized MultithreadedTaskDispatcher with 16 workers.
[PhysX] Initialized MultithreadedTaskDispatcher with 16 workers.
 -> (artifact id: '070941c92b3fbd50fea407d59d28f9fd') in 0.043571 seconds
Number of updated asset objects reloaded before import = 0
Number of asset objects unloaded after import = 1764
========================================================================
Received Import Request.
  Time since last request: 2.982054 seconds.
  path: Assets/Prefabs/FKeysPool.prefab
  artifactKey: Guid(85d1ab9f884152c4f99871ddbb96d971) Importer(815301076,1909f56bfc062723c751e8b465ee728b)
Start importing Assets/Prefabs/FKeysPool.prefab using Guid(85d1ab9f884152c4f99871ddbb96d971) Importer(815301076,1909f56bfc062723c751e8b465ee728b) [PhysX] Initialized MultithreadedTaskDispatcher with 16 workers.
[PhysX] Initialized MultithreadedTaskDispatcher with 16 workers.
 -> (artifact id: '3538a3fc98498a2154318d2ce3d3a7ef') in 0.040695 seconds
Number of updated asset objects reloaded before import = 0
Number of asset objects unloaded after import = 1772
========================================================================
Received Import Request.
  Time since last request: 29.870861 seconds.
  path: Assets/Scenes/ControlsTutorial.unity
  artifactKey: Guid(3cd370ba99ea15140a4bab3872c669ed) Importer(815301076,1909f56bfc062723c751e8b465ee728b)
Start importing Assets/Scenes/ControlsTutorial.unity using Guid(3cd370ba99ea15140a4bab3872c669ed) Importer(815301076,1909f56bfc062723c751e8b465ee728b) [PhysX] Initialized MultithreadedTaskDispatcher with 16 workers.
 -> (artifact id: 'bebc2550214bbf0963b2e9907795b0d3') in 0.000659 seconds
Number of updated asset objects reloaded before import = 0
Number of asset objects unloaded after import = 0
========================================================================
Received Import Request.
  Time since last request: 55.140730 seconds.
  path: Assets/Prefabs/Tutorial Steps/Duel/Duel_TutorialStepData_00.asset
  artifactKey: Guid(d05d4b7c9ad2ea34b8efc1ff928ec4e9) Importer(815301076,1909f56bfc062723c751e8b465ee728b)
Start importing Assets/Prefabs/Tutorial Steps/Duel/Duel_TutorialStepData_00.asset using Guid(d05d4b7c9ad2ea34b8efc1ff928ec4e9) Importer(815301076,1909f56bfc062723c751e8b465ee728b) [PhysX] Initialized MultithreadedTaskDispatcher with 16 workers.
 -> (artifact id: '7644c69fe815e7aff7ff8b7f5b93fa51') in 0.007175 seconds
Number of updated asset objects reloaded before import = 0
Number of asset objects unloaded after import = 88
========================================================================
Received Prepare
Caller must complete domain reload
Begin MonoManager ReloadAssembly
Symbol file LoadedFromMemory is not a mono symbol file
- Loaded All Assemblies, in  0.558 seconds
Native extension for WindowsStandalone target not found
Mono: successfully reloaded assembly
- Finished resetting the current domain, in  1.772 seconds
Domain Reload Profiling: 2326ms
	BeginReloadAssembly (165ms)
		ExecutionOrderSort (0ms)
		DisableScriptedObjects (11ms)
		BackupInstance (0ms)
		ReleaseScriptingObjects (0ms)
		CreateAndSetChildDomain (47ms)
	RebuildCommonClasses (30ms)
	RebuildNativeTypeToScriptingClass (10ms)
	initialDomainReloadingComplete (31ms)
	LoadAllAssembliesAndSetupDomain (317ms)
		LoadAssemblies (370ms)
		RebuildTransferFunctionScriptingTraits (0ms)
		AnalyzeDomain (21ms)
			TypeCache.Refresh (7ms)
				TypeCache.ScanAssembly (0ms)
			ScanForSourceGeneratedMonoScriptInfo (0ms)
			ResolveRequiredComponents (12ms)
	FinalizeReload (1773ms)
		ReleaseScriptCaches (0ms)
		RebuildScriptCaches (0ms)
		SetupLoadedEditorAssemblies (908ms)
			LogAssemblyErrors (0ms)
			InitializePlatformSupportModulesInManaged (8ms)
			SetLoadedEditorAssemblies (5ms)
			RefreshPlugins (0ms)
			BeforeProcessingInitializeOnLoad (176ms)
			ProcessInitializeOnLoadAttributes (511ms)
			ProcessInitializeOnLoadMethodAttributes (200ms)
			AfterProcessingInitializeOnLoad (7ms)
			EditorAssembliesLoaded (1ms)
		ExecutionOrderSort2 (0ms)
		AwakeInstancesAfterBackupRestoration (17ms)
Refreshing native plugins compatible for Editor in 14.32 ms, found 3 plugins.
Preloading 0 native plugins for Editor in 0.00 ms.
Unloading 6465 Unused Serialized files (Serialized files now loaded: 0)
Unloading 39 unused Assets / (2.1 MB). Loaded Objects now: 7219.
Memory consumption went from 232.6 MB to 230.4 MB.
Total: 10.966100 ms (FindLiveObjects: 0.650800 ms CreateObjectMapping: 0.715000 ms MarkObjects: 8.682700 ms  DeleteObjects: 0.915000 ms)

Prepare: number of updated asset objects reloaded= 0
AssetImportParameters requested are different than current active one (requested -> active):
  custom:container-demuxer-ogg: 62fdf1f143b41e24485cea50d1cbac27 -> 
  custom:framework-win-MediaFoundation: 216162199b28c13a410421893ffa2e32 -> 
  custom:container-muxer-webm: aa71ff27fc2769a1b78a27578f13a17b -> 
  custom:scripting/monoscript/fileName/DuelTutorialStep03.cs: 51a0be43b5a34c620a2e0009788762da -> 
  custom:video-decoder-webm-vp8: 9c59270c3fd7afecdb556c50c9e8de78 -> 
  custom:SearchIndexIgnoredProperties: e643bd26f0fe6173181afceb89e7c659 -> 
  custom:AudioImporter_EditorPlatform: d09bf68614088b80899f8185d706f6e7 -> 
  custom:audio-decoder-ogg-vorbis: bf7c407c2cedff20999df2af8eb42d56 -> 
  custom:scripting/monoscript/fileName/DuelTutorialStep00.cs: 74e330ee5951d5f99b08b0c3dec5cd64 -> 
  custom:audio-encoder-webm-vorbis: bf7c407c2cedff20999df2af8eb42d56 -> 
  custom:scripting/precompiled-assembly-types:Assembly-CSharp: 476cc303cd6b601829fd260a5e71a583 -> 4998fad43d7330c52048e16c2e9f5599
  custom:video-codec-MediaFoundation-h265: 746d11721c4dcdbdad8f713fa42b33f4 -> 
  custom:video-decoder-ogg-theora: a1e56fd34408186e4bbccfd4996cb3dc -> 
  custom:CustomObjectIndexerAttribute: 3ead1caaecf1c488f20bcfeb224b6af5 -> 
  custom:container-demuxer-webm: 4f35f7cbe854078d1ac9338744f61a02 -> 
  custom:scripting/monoscript/fileName/DuelTutorialStep06.cs: d374ed859a0db518cb8310c2cc5d0359 -> 
  custom:video-encoder-webm-vp8: eb34c28f22e8b96e1ab97ce403110664 -> 
========================================================================
Received Prepare
Caller must complete domain reload
Begin MonoManager ReloadAssembly
Symbol file LoadedFromMemory is not a mono symbol file
- Loaded All Assemblies, in  0.639 seconds
Native extension for WindowsStandalone target not found
Mono: successfully reloaded assembly
- Finished resetting the current domain, in  1.655 seconds
Domain Reload Profiling: 2289ms
	BeginReloadAssembly (200ms)
		ExecutionOrderSort (0ms)
		DisableScriptedObjects (6ms)
		BackupInstance (0ms)
		ReleaseScriptingObjects (0ms)
		CreateAndSetChildDomain (57ms)
	RebuildCommonClasses (32ms)
	RebuildNativeTypeToScriptingClass (9ms)
	initialDomainReloadingComplete (31ms)
	LoadAllAssembliesAndSetupDomain (361ms)
		LoadAssemblies (408ms)
		RebuildTransferFunctionScriptingTraits (0ms)
		AnalyzeDomain (50ms)
			TypeCache.Refresh (11ms)
				TypeCache.ScanAssembly (1ms)
			ScanForSourceGeneratedMonoScriptInfo (25ms)
			ResolveRequiredComponents (12ms)
	FinalizeReload (1655ms)
		ReleaseScriptCaches (0ms)
		RebuildScriptCaches (0ms)
		SetupLoadedEditorAssemblies (812ms)
			LogAssemblyErrors (0ms)
			InitializePlatformSupportModulesInManaged (8ms)
			SetLoadedEditorAssemblies (5ms)
			RefreshPlugins (0ms)
			BeforeProcessingInitializeOnLoad (159ms)
			ProcessInitializeOnLoadAttributes (441ms)
			ProcessInitializeOnLoadMethodAttributes (191ms)
			AfterProcessingInitializeOnLoad (7ms)
			EditorAssembliesLoaded (0ms)
		ExecutionOrderSort2 (0ms)
		AwakeInstancesAfterBackupRestoration (15ms)
Refreshing native plugins compatible for Editor in 12.58 ms, found 3 plugins.
Preloading 0 native plugins for Editor in 0.00 ms.
Unloading 6465 Unused Serialized files (Serialized files now loaded: 0)
Unloading 39 unused Assets / (2.1 MB). Loaded Objects now: 7223.
Memory consumption went from 232.5 MB to 230.4 MB.
Total: 10.958500 ms (FindLiveObjects: 0.581700 ms CreateObjectMapping: 0.480600 ms MarkObjects: 9.115000 ms  DeleteObjects: 0.779800 ms)

Prepare: number of updated asset objects reloaded= 0
AssetImportParameters requested are different than current active one (requested -> active):
  custom:container-demuxer-ogg: 62fdf1f143b41e24485cea50d1cbac27 -> 
  custom:framework-win-MediaFoundation: 216162199b28c13a410421893ffa2e32 -> 
  custom:container-muxer-webm: aa71ff27fc2769a1b78a27578f13a17b -> 
  custom:scripting/monoscript/fileName/DuelTutorialStep03.cs: 51a0be43b5a34c620a2e0009788762da -> 
  custom:video-decoder-webm-vp8: 9c59270c3fd7afecdb556c50c9e8de78 -> 
  custom:SearchIndexIgnoredProperties: e643bd26f0fe6173181afceb89e7c659 -> 
  custom:AudioImporter_EditorPlatform: d09bf68614088b80899f8185d706f6e7 -> 
  custom:audio-decoder-ogg-vorbis: bf7c407c2cedff20999df2af8eb42d56 -> 
  custom:scripting/monoscript/fileName/DuelTutorialStep00.cs: 74e330ee5951d5f99b08b0c3dec5cd64 -> 
  custom:audio-encoder-webm-vorbis: bf7c407c2cedff20999df2af8eb42d56 -> 
  custom:scripting/precompiled-assembly-types:Assembly-CSharp: 476cc303cd6b601829fd260a5e71a583 -> 4998fad43d7330c52048e16c2e9f5599
  custom:video-codec-MediaFoundation-h265: 746d11721c4dcdbdad8f713fa42b33f4 -> 
  custom:video-decoder-ogg-theora: a1e56fd34408186e4bbccfd4996cb3dc -> 
  custom:CustomObjectIndexerAttribute: 3ead1caaecf1c488f20bcfeb224b6af5 -> 
  custom:container-demuxer-webm: 4f35f7cbe854078d1ac9338744f61a02 -> 
  custom:scripting/monoscript/fileName/DuelTutorialStep06.cs: d374ed859a0db518cb8310c2cc5d0359 -> 
  custom:video-encoder-webm-vp8: eb34c28f22e8b96e1ab97ce403110664 -> 
========================================================================
Received Import Request.
  Time since last request: 357.185721 seconds.
  path: Assets/Scripts/SoundSets.cs
  artifactKey: Guid(bc639681e8c76e541b13ce1ead2b5e79) Importer(2089858483,0ecaa5967403d082aa24f35e1b516d23)
Start importing Assets/Scripts/SoundSets.cs using Guid(bc639681e8c76e541b13ce1ead2b5e79) Importer(2089858483,0ecaa5967403d082aa24f35e1b516d23) [PhysX] Initialized MultithreadedTaskDispatcher with 16 workers.
 -> (artifact id: 'a6fd0b7b5634395b3d87988bf51d53e1') in 0.180633 seconds
Number of updated asset objects reloaded before import = 0
Number of asset objects unloaded after import = 1
========================================================================
Received Import Request.
  Time since last request: 0.000023 seconds.
  path: Assets/Audio/SoundsSets/Zap-PlaceHolder/5-Zap.wav
  artifactKey: Guid(fd0c13fd973ec024080395962c071e84) Importer(2089858483,0ecaa5967403d082aa24f35e1b516d23)
Start importing Assets/Audio/SoundsSets/Zap-PlaceHolder/5-Zap.wav using Guid(fd0c13fd973ec024080395962c071e84) Importer(2089858483,0ecaa5967403d082aa24f35e1b516d23) [PhysX] Initialized MultithreadedTaskDispatcher with 16 workers.
 -> (artifact id: '928be40a01e76a811286d6f96d2849e4') in 0.050512 seconds
Number of updated asset objects reloaded before import = 0
Number of asset objects unloaded after import = 1
========================================================================
Received Import Request.
  Time since last request: 0.000038 seconds.
  path: Assets/TutorialStepData_02_Keytar_0.asset
  artifactKey: Guid(6b03cec74ba98d24dbb820ea04a1008e) Importer(2089858483,0ecaa5967403d082aa24f35e1b516d23)
Start importing Assets/TutorialStepData_02_Keytar_0.asset using Guid(6b03cec74ba98d24dbb820ea04a1008e) Importer(2089858483,0ecaa5967403d082aa24f35e1b516d23) [PhysX] Initialized MultithreadedTaskDispatcher with 16 workers.
 -> (artifact id: '7cccd786c523eec8d1b2329a19f18d8e') in 0.022963 seconds
Number of updated asset objects reloaded before import = 0
Number of asset objects unloaded after import = 1
========================================================================
Received Import Request.
  Time since last request: 0.000017 seconds.
  path: Assets/Scripts/Tutorial/Steps/TestTutorialStep00.cs
  artifactKey: Guid(79a40147084ed2a4ba495a59e2efd8d8) Importer(2089858483,0ecaa5967403d082aa24f35e1b516d23)
Start importing Assets/Scripts/Tutorial/Steps/TestTutorialStep00.cs using Guid(79a40147084ed2a4ba495a59e2efd8d8) Importer(2089858483,0ecaa5967403d082aa24f35e1b516d23) [PhysX] Initialized MultithreadedTaskDispatcher with 16 workers.
 -> (artifact id: 'f6d9bb537814cf08cd689491072e8191') in 0.005705 seconds
Number of updated asset objects reloaded before import = 0
Number of asset objects unloaded after import = 1
========================================================================
Received Import Request.
  Time since last request: 0.000018 seconds.
  path: Assets/Prefabs/Tutorial Steps/Controls/TutorialStepData_08.asset
  artifactKey: Guid(d98c89b9f1d3dc94d9dc8414a196166f) Importer(2089858483,0ecaa5967403d082aa24f35e1b516d23)
Start importing Assets/Prefabs/Tutorial Steps/Controls/TutorialStepData_08.asset using Guid(d98c89b9f1d3dc94d9dc8414a196166f) Importer(2089858483,0ecaa5967403d082aa24f35e1b516d23) [PhysX] Initialized MultithreadedTaskDispatcher with 16 workers.
 -> (artifact id: 'afd036eaa1c3ec8fd794df48ec3cca7a') in 0.007549 seconds
Number of updated asset objects reloaded before import = 0
Number of asset objects unloaded after import = 1
========================================================================
Received Import Request.
  Time since last request: 0.000026 seconds.
  path: Assets/Prefabs/Tutorial Configs
  artifactKey: Guid(80dd598e83d66134c8624c5ac5c56dde) Importer(2089858483,0ecaa5967403d082aa24f35e1b516d23)
Start importing Assets/Prefabs/Tutorial Configs using Guid(80dd598e83d66134c8624c5ac5c56dde) Importer(2089858483,0ecaa5967403d082aa24f35e1b516d23) [PhysX] Initialized MultithreadedTaskDispatcher with 16 workers.
 -> (artifact id: 'ecf9109c9799f1b4ad6d7466a7dfa9a0') in 0.005441 seconds
Number of updated asset objects reloaded before import = 0
Number of asset objects unloaded after import = 1
========================================================================
Received Import Request.
  Time since last request: 0.000025 seconds.
  path: Assets/Prefabs/Tutorial Steps/Controls/TutorialStep_06.prefab
  artifactKey: Guid(5eacda09d13aa4c4b97043685750a07c) Importer(2089858483,0ecaa5967403d082aa24f35e1b516d23)
Start importing Assets/Prefabs/Tutorial Steps/Controls/TutorialStep_06.prefab using Guid(5eacda09d13aa4c4b97043685750a07c) Importer(2089858483,0ecaa5967403d082aa24f35e1b516d23) [PhysX] Initialized MultithreadedTaskDispatcher with 16 workers.
 -> (artifact id: '6db565ae59cff8d7376384d16e0d05d4') in 0.022784 seconds
Number of updated asset objects reloaded before import = 0
Number of asset objects unloaded after import = 5
========================================================================
Received Import Request.
  Time since last request: 0.000018 seconds.
  path: Assets/Scripts/Tutorial/Steps/TestTutorialStep01.cs
  artifactKey: Guid(d6ee086799ca22546a1f9f5445d401d3) Importer(2089858483,0ecaa5967403d082aa24f35e1b516d23)
Start importing Assets/Scripts/Tutorial/Steps/TestTutorialStep01.cs using Guid(d6ee086799ca22546a1f9f5445d401d3) Importer(2089858483,0ecaa5967403d082aa24f35e1b516d23) [PhysX] Initialized MultithreadedTaskDispatcher with 16 workers.
 -> (artifact id: '3490cfcfc3e5122fe6b73007ac546185') in 0.005991 seconds
Number of updated asset objects reloaded before import = 0
Number of asset objects unloaded after import = 1
========================================================================
Received Import Request.
  Time since last request: 0.000021 seconds.
  path: Assets/Scripts/DuelMode/DuelManager.cs
  artifactKey: Guid(568e7264a4a9a304982ac532326f85c9) Importer(2089858483,0ecaa5967403d082aa24f35e1b516d23)
Start importing Assets/Scripts/DuelMode/DuelManager.cs using Guid(568e7264a4a9a304982ac532326f85c9) Importer(2089858483,0ecaa5967403d082aa24f35e1b516d23) [PhysX] Initialized MultithreadedTaskDispatcher with 16 workers.
 -> (artifact id: 'e361885da256934f4fce2f4b7ead9516') in 0.005787 seconds
Number of updated asset objects reloaded before import = 0
Number of asset objects unloaded after import = 1
========================================================================
Received Import Request.
  Time since last request: 0.000018 seconds.
  path: Assets/Prefabs/AudioManager.prefab
  artifactKey: Guid(9dbd985607ebe42479f9e05b3dbf27ba) Importer(2089858483,0ecaa5967403d082aa24f35e1b516d23)
Start importing Assets/Prefabs/AudioManager.prefab using Guid(9dbd985607ebe42479f9e05b3dbf27ba) Importer(2089858483,0ecaa5967403d082aa24f35e1b516d23) [PhysX] Initialized MultithreadedTaskDispatcher with 16 workers.
 -> (artifact id: '5f7fe0ade9c0b96f9ff9d6989f2719e3') in 0.032485 seconds
Number of updated asset objects reloaded before import = 0
Number of asset objects unloaded after import = 29
========================================================================
Received Import Request.
  Time since last request: 0.000022 seconds.
  path: Assets/Scripts/DuelMode/Metronome.cs
  artifactKey: Guid(af9d4e314e24b184fa485a022c6da9f7) Importer(2089858483,0ecaa5967403d082aa24f35e1b516d23)
Start importing Assets/Scripts/DuelMode/Metronome.cs using Guid(af9d4e314e24b184fa485a022c6da9f7) Importer(2089858483,0ecaa5967403d082aa24f35e1b516d23) [PhysX] Initialized MultithreadedTaskDispatcher with 16 workers.
 -> (artifact id: '5c1281386439322a6326aea1711f46c7') in 0.005625 seconds
Number of updated asset objects reloaded before import = 0
Number of asset objects unloaded after import = 1
========================================================================
Received Import Request.
  Time since last request: 0.000019 seconds.
  path: Assets/Scripts/AudioManager.cs
  artifactKey: Guid(bfd11c500ac7103418782ce4dce0d53b) Importer(2089858483,0ecaa5967403d082aa24f35e1b516d23)
Start importing Assets/Scripts/AudioManager.cs using Guid(bfd11c500ac7103418782ce4dce0d53b) Importer(2089858483,0ecaa5967403d082aa24f35e1b516d23) [PhysX] Initialized MultithreadedTaskDispatcher with 16 workers.
 -> (artifact id: '95bfffe9550b76187a675c784bad007a') in 0.006020 seconds
Number of updated asset objects reloaded before import = 0
Number of asset objects unloaded after import = 1
========================================================================
Received Import Request.
  Time since last request: 0.000022 seconds.
  path: Assets/Prefabs/Metronome.prefab
  artifactKey: Guid(2b6a243861a43b0489ce4453aa17da40) Importer(2089858483,0ecaa5967403d082aa24f35e1b516d23)
Start importing Assets/Prefabs/Metronome.prefab using Guid(2b6a243861a43b0489ce4453aa17da40) Importer(2089858483,0ecaa5967403d082aa24f35e1b516d23) [PhysX] Initialized MultithreadedTaskDispatcher with 16 workers.
 -> (artifact id: '33e36fc72742f754d655f6bdfbbe17bb') in 0.051955 seconds
Number of updated asset objects reloaded before import = 0
Number of asset objects unloaded after import = 5
========================================================================
Received Import Request.
  Time since last request: 0.000028 seconds.
  path: Assets/Scripts/UI/MainMenu.cs
  artifactKey: Guid(8ac4b0f490d32284aad5ee711413cb5b) Importer(2089858483,0ecaa5967403d082aa24f35e1b516d23)
Start importing Assets/Scripts/UI/MainMenu.cs using Guid(8ac4b0f490d32284aad5ee711413cb5b) Importer(2089858483,0ecaa5967403d082aa24f35e1b516d23) [PhysX] Initialized MultithreadedTaskDispatcher with 16 workers.
 -> (artifact id: '8de1bc8c7e3bb237d407ac5568a44ad1') in 0.007776 seconds
Number of updated asset objects reloaded before import = 0
Number of asset objects unloaded after import = 1
========================================================================
Received Import Request.
  Time since last request: 0.000027 seconds.
  path: Assets/Prefabs/Bar_Mesure.prefab
  artifactKey: Guid(e39862b89a805484c835d9c16ab8d1bc) Importer(2089858483,0ecaa5967403d082aa24f35e1b516d23)
Start importing Assets/Prefabs/Bar_Mesure.prefab using Guid(e39862b89a805484c835d9c16ab8d1bc) Importer(2089858483,0ecaa5967403d082aa24f35e1b516d23) [PhysX] Initialized MultithreadedTaskDispatcher with 16 workers.
 -> (artifact id: '81d21272c3ebeef2b242eabfef4708e5') in 0.007099 seconds
Number of updated asset objects reloaded before import = 0
Number of asset objects unloaded after import = 25
========================================================================
Received Import Request.
  Time since last request: 0.000017 seconds.
  path: Assets/Prefabs/Notes/TutorialNotes/F2TutorialNote.prefab
  artifactKey: Guid(4dbd46cce8430254a83cb16a150c5757) Importer(2089858483,0ecaa5967403d082aa24f35e1b516d23)
Start importing Assets/Prefabs/Notes/TutorialNotes/F2TutorialNote.prefab using Guid(4dbd46cce8430254a83cb16a150c5757) Importer(2089858483,0ecaa5967403d082aa24f35e1b516d23) [PhysX] Initialized MultithreadedTaskDispatcher with 16 workers.
 -> (artifact id: '498bd2b9c46317ebace855207fc69f30') in 0.017258 seconds
Number of updated asset objects reloaded before import = 0
Number of asset objects unloaded after import = 31
========================================================================
Received Import Request.
  Time since last request: 0.000016 seconds.
  path: Assets/Scripts/UI/PartUI.cs
  artifactKey: Guid(ff28f11e338852a4f87661873c12ff49) Importer(2089858483,0ecaa5967403d082aa24f35e1b516d23)
Start importing Assets/Scripts/UI/PartUI.cs using Guid(ff28f11e338852a4f87661873c12ff49) Importer(2089858483,0ecaa5967403d082aa24f35e1b516d23) [PhysX] Initialized MultithreadedTaskDispatcher with 16 workers.
 -> (artifact id: '4e0ecc9fdd189c03d63a11086913ea76') in 0.006046 seconds
Number of updated asset objects reloaded before import = 0
Number of asset objects unloaded after import = 1
========================================================================
Received Import Request.
  Time since last request: 0.000020 seconds.
  path: Assets/Prefabs/Tutorial Steps/Exhibitions_Controls/TutorialStep_Template.prefab
  artifactKey: Guid(241108fee8e12cd41bc4ccc3bda94425) Importer(2089858483,0ecaa5967403d082aa24f35e1b516d23)
Start importing Assets/Prefabs/Tutorial Steps/Exhibitions_Controls/TutorialStep_Template.prefab using Guid(241108fee8e12cd41bc4ccc3bda94425) Importer(2089858483,0ecaa5967403d082aa24f35e1b516d23) [PhysX] Initialized MultithreadedTaskDispatcher with 16 workers.
 -> (artifact id: '639e03adb278450068e47d3c905b0c45') in 0.007579 seconds
Number of updated asset objects reloaded before import = 0
Number of asset objects unloaded after import = 5
========================================================================
Received Import Request.
  Time since last request: 0.000019 seconds.
  path: Assets/Scripts/Tutorial/Steps/TutorialStep_Intro.cs
  artifactKey: Guid(ffbb74461ad8f6045889cf5672568763) Importer(2089858483,0ecaa5967403d082aa24f35e1b516d23)
Start importing Assets/Scripts/Tutorial/Steps/TutorialStep_Intro.cs using Guid(ffbb74461ad8f6045889cf5672568763) Importer(2089858483,0ecaa5967403d082aa24f35e1b516d23) [PhysX] Initialized MultithreadedTaskDispatcher with 16 workers.
 -> (artifact id: 'fc5dec1cd0bbc4f0aa0ba4241ba23343') in 0.005384 seconds
Number of updated asset objects reloaded before import = 0
Number of asset objects unloaded after import = 1
========================================================================
Received Import Request.
  Time since last request: 0.000026 seconds.
  path: Assets/Scripts/GameManager.cs
  artifactKey: Guid(de20bc9aa8968d5498d74e86ab12cf3c) Importer(2089858483,0ecaa5967403d082aa24f35e1b516d23)
Start importing Assets/Scripts/GameManager.cs using Guid(de20bc9aa8968d5498d74e86ab12cf3c) Importer(2089858483,0ecaa5967403d082aa24f35e1b516d23) [PhysX] Initialized MultithreadedTaskDispatcher with 16 workers.
 -> (artifact id: 'd2a2f9d2206398d4cee58defff6029fb') in 0.005680 seconds
Number of updated asset objects reloaded before import = 0
Number of asset objects unloaded after import = 1
========================================================================
Received Import Request.
  Time since last request: 0.000017 seconds.
  path: Assets/Scenes/MainMenu.unity
  artifactKey: Guid(d2e15c28a0502c84e8c024286f265a6a) Importer(2089858483,0ecaa5967403d082aa24f35e1b516d23)
Start importing Assets/Scenes/MainMenu.unity using Guid(d2e15c28a0502c84e8c024286f265a6a) Importer(2089858483,0ecaa5967403d082aa24f35e1b516d23) [PhysX] Initialized MultithreadedTaskDispatcher with 16 workers.
 -> (artifact id: 'b75836377c57b960e384490f5a62087e') in 0.004864 seconds
Number of updated asset objects reloaded before import = 0
Number of asset objects unloaded after import = 1
========================================================================
Received Import Request.
  Time since last request: 0.000021 seconds.
  path: Assets/Prefabs/Tutorial Steps/Exhibitions_Controls/Exhibitions_TutorialStepData_09.asset
  artifactKey: Guid(e8d8399ffd5f8a340ad2feecdea92ac8) Importer(2089858483,0ecaa5967403d082aa24f35e1b516d23)
Start importing Assets/Prefabs/Tutorial Steps/Exhibitions_Controls/Exhibitions_TutorialStepData_09.asset using Guid(e8d8399ffd5f8a340ad2feecdea92ac8) Importer(2089858483,0ecaa5967403d082aa24f35e1b516d23) [PhysX] Initialized MultithreadedTaskDispatcher with 16 workers.
 -> (artifact id: 'c1a7c71b25eff9cbd149a5c1a2396262') in 0.012373 seconds
Number of updated asset objects reloaded before import = 0
Number of asset objects unloaded after import = 58
========================================================================
Received Import Request.
  Time since last request: 0.000018 seconds.
  path: Assets/Audio/SoundsSets/Zap-PlaceHolder/5F-Zap.wav
  artifactKey: Guid(c9220b70ce432644e8a7b59867487f7f) Importer(2089858483,0ecaa5967403d082aa24f35e1b516d23)
Start importing Assets/Audio/SoundsSets/Zap-PlaceHolder/5F-Zap.wav using Guid(c9220b70ce432644e8a7b59867487f7f) Importer(2089858483,0ecaa5967403d082aa24f35e1b516d23) [PhysX] Initialized MultithreadedTaskDispatcher with 16 workers.
 -> (artifact id: '468c6f33936df6d6a8218ccd7b5ba99e') in 0.025971 seconds
Number of updated asset objects reloaded before import = 0
Number of asset objects unloaded after import = 1
========================================================================
Received Import Request.
  Time since last request: 0.000152 seconds.
  path: Assets/Prefabs/Tutorial Steps/Exhibitions_Controls/Exhibitions_TutorialStepData_04.asset
  artifactKey: Guid(19e4184e8b38aa649b86bb7c610a570b) Importer(2089858483,0ecaa5967403d082aa24f35e1b516d23)
Start importing Assets/Prefabs/Tutorial Steps/Exhibitions_Controls/Exhibitions_TutorialStepData_04.asset using Guid(19e4184e8b38aa649b86bb7c610a570b) Importer(2089858483,0ecaa5967403d082aa24f35e1b516d23) [PhysX] Initialized MultithreadedTaskDispatcher with 16 workers.
 -> (artifact id: '8798674b7ea2650b0057a1d7395e5791') in 0.020738 seconds
Number of updated asset objects reloaded before import = 0
Number of asset objects unloaded after import = 16
========================================================================
Received Import Request.
  Time since last request: 0.000021 seconds.
  path: Assets/Prefabs/Tutorial Steps/Controls/TutorialStep_02.prefab
  artifactKey: Guid(acf04ce39f712bc4d9615e2b2ce3aa85) Importer(2089858483,0ecaa5967403d082aa24f35e1b516d23)
Start importing Assets/Prefabs/Tutorial Steps/Controls/TutorialStep_02.prefab using Guid(acf04ce39f712bc4d9615e2b2ce3aa85) Importer(2089858483,0ecaa5967403d082aa24f35e1b516d23) [PhysX] Initialized MultithreadedTaskDispatcher with 16 workers.
 -> (artifact id: '396e73318bbba289bd38070c6450d856') in 0.009563 seconds
Number of updated asset objects reloaded before import = 0
Number of asset objects unloaded after import = 6
========================================================================
Received Import Request.
  Time since last request: 0.000025 seconds.
  path: Assets/Prefabs/Tutorial Steps/Controls/TutorialStep_07.prefab
  artifactKey: Guid(6ace2c18ae8fd264f8776ccad6d66f47) Importer(2089858483,0ecaa5967403d082aa24f35e1b516d23)
Start importing Assets/Prefabs/Tutorial Steps/Controls/TutorialStep_07.prefab using Guid(6ace2c18ae8fd264f8776ccad6d66f47) Importer(2089858483,0ecaa5967403d082aa24f35e1b516d23) [PhysX] Initialized MultithreadedTaskDispatcher with 16 workers.
 -> (artifact id: 'd7166426d81c3bbfabb6ff677cf7e9c9') in 0.008234 seconds
Number of updated asset objects reloaded before import = 0
Number of asset objects unloaded after import = 5
========================================================================
Received Import Request.
  Time since last request: 0.000035 seconds.
  path: Assets/Prefabs/Tutorial Steps/Exhibitions_Controls/Exhibitions_TutorialStep_07.prefab
  artifactKey: Guid(e4d11d9d25a7be7429021951419da21d) Importer(2089858483,0ecaa5967403d082aa24f35e1b516d23)
Start importing Assets/Prefabs/Tutorial Steps/Exhibitions_Controls/Exhibitions_TutorialStep_07.prefab using Guid(e4d11d9d25a7be7429021951419da21d) Importer(2089858483,0ecaa5967403d082aa24f35e1b516d23) [PhysX] Initialized MultithreadedTaskDispatcher with 16 workers.
 -> (artifact id: 'c47e317f7772263280a7fabad131d568') in 0.008846 seconds
Number of updated asset objects reloaded before import = 0
Number of asset objects unloaded after import = 6
========================================================================
Received Import Request.
  Time since last request: 0.000021 seconds.
  path: Assets/Prefabs/PauseScreen.prefab
  artifactKey: Guid(5d88708d4bd9ca8418e55a8a39063c08) Importer(2089858483,0ecaa5967403d082aa24f35e1b516d23)
Start importing Assets/Prefabs/PauseScreen.prefab using Guid(5d88708d4bd9ca8418e55a8a39063c08) Importer(2089858483,0ecaa5967403d082aa24f35e1b516d23) [PhysX] Initialized MultithreadedTaskDispatcher with 16 workers.
 -> (artifact id: 'a0b710a71d91b6112efe7dc21768f18b') in 0.048615 seconds
Number of updated asset objects reloaded before import = 0
Number of asset objects unloaded after import = 56
========================================================================
Received Import Request.
  Time since last request: 0.000018 seconds.
  path: Assets/Prefabs/Tutorial Steps/Exhibitions_Controls/Exhibitions_TutorialStep_10.prefab
  artifactKey: Guid(b8cb497b24e10b640a059f072be0aaa4) Importer(2089858483,0ecaa5967403d082aa24f35e1b516d23)
Start importing Assets/Prefabs/Tutorial Steps/Exhibitions_Controls/Exhibitions_TutorialStep_10.prefab using Guid(b8cb497b24e10b640a059f072be0aaa4) Importer(2089858483,0ecaa5967403d082aa24f35e1b516d23) [PhysX] Initialized MultithreadedTaskDispatcher with 16 workers.
 -> (artifact id: 'd7483a7f0f93ea32154262166417f30f') in 0.008612 seconds
Number of updated asset objects reloaded before import = 0
Number of asset objects unloaded after import = 6
========================================================================
Received Import Request.
  Time since last request: 0.000021 seconds.
  path: Assets/Prefabs/Tutorial Steps/Controls/TutorialStepData_01.asset
  artifactKey: Guid(8e8f9b08a35ccb2408f41b647253d871) Importer(2089858483,0ecaa5967403d082aa24f35e1b516d23)
Start importing Assets/Prefabs/Tutorial Steps/Controls/TutorialStepData_01.asset using Guid(8e8f9b08a35ccb2408f41b647253d871) Importer(2089858483,0ecaa5967403d082aa24f35e1b516d23) [PhysX] Initialized MultithreadedTaskDispatcher with 16 workers.
 -> (artifact id: 'df5a9d654decc54f0425ebaee1322b86') in 0.007101 seconds
Number of updated asset objects reloaded before import = 0
Number of asset objects unloaded after import = 1
========================================================================
Received Import Request.
  Time since last request: 0.000020 seconds.
  path: Assets/Scripts/InputRedirector.cs
  artifactKey: Guid(487197cb21f7bec488e27f16139e38e6) Importer(2089858483,0ecaa5967403d082aa24f35e1b516d23)
Start importing Assets/Scripts/InputRedirector.cs using Guid(487197cb21f7bec488e27f16139e38e6) Importer(2089858483,0ecaa5967403d082aa24f35e1b516d23) [PhysX] Initialized MultithreadedTaskDispatcher with 16 workers.
 -> (artifact id: 'ad7e767bae5fa2645b8e4bb938b1cc8f') in 0.005412 seconds
Number of updated asset objects reloaded before import = 0
Number of asset objects unloaded after import = 1
========================================================================
Received Import Request.
  Time since last request: 0.000021 seconds.
  path: Assets/Prefabs/Tutorial Steps/Controls/TutorialStep_08.prefab
  artifactKey: Guid(9929935b9bc3d574580d032807de3a61) Importer(2089858483,0ecaa5967403d082aa24f35e1b516d23)
Start importing Assets/Prefabs/Tutorial Steps/Controls/TutorialStep_08.prefab using Guid(9929935b9bc3d574580d032807de3a61) Importer(2089858483,0ecaa5967403d082aa24f35e1b516d23) [PhysX] Initialized MultithreadedTaskDispatcher with 16 workers.
 -> (artifact id: 'b07606387ff550cdd2ecf580e279096c') in 0.008578 seconds
Number of updated asset objects reloaded before import = 0
Number of asset objects unloaded after import = 5
========================================================================
Received Import Request.
  Time since last request: 0.000025 seconds.
  path: Assets/Prefabs/Tutorial Steps/Exhibitions_Controls/Exhibitions_TutorialStepData_01.asset
  artifactKey: Guid(b6d495783d3153c449f9b945945d0f72) Importer(2089858483,0ecaa5967403d082aa24f35e1b516d23)
Start importing Assets/Prefabs/Tutorial Steps/Exhibitions_Controls/Exhibitions_TutorialStepData_01.asset using Guid(b6d495783d3153c449f9b945945d0f72) Importer(2089858483,0ecaa5967403d082aa24f35e1b516d23) [PhysX] Initialized MultithreadedTaskDispatcher with 16 workers.
 -> (artifact id: '33499977580a542179d66ab9a3bf5d3f') in 0.022702 seconds
Number of updated asset objects reloaded before import = 0
Number of asset objects unloaded after import = 1
========================================================================
Received Import Request.
  Time since last request: 0.000021 seconds.
  path: Assets/Prefabs/Tutorial Steps/Controls/TutorialStepData_02_Arrows_0.asset
  artifactKey: Guid(06eeea58db5a624488e7c4459ba1eb3d) Importer(2089858483,0ecaa5967403d082aa24f35e1b516d23)
Start importing Assets/Prefabs/Tutorial Steps/Controls/TutorialStepData_02_Arrows_0.asset using Guid(06eeea58db5a624488e7c4459ba1eb3d) Importer(2089858483,0ecaa5967403d082aa24f35e1b516d23) [PhysX] Initialized MultithreadedTaskDispatcher with 16 workers.
 -> (artifact id: 'e24d7b478a42946c78f6be1ed9ef7dcd') in 0.007017 seconds
Number of updated asset objects reloaded before import = 0
Number of asset objects unloaded after import = 1
========================================================================
Received Import Request.
  Time since last request: 0.000022 seconds.
  path: Assets/Scripts/PauseChannel.cs
  artifactKey: Guid(4f1379c2f414b434290b302f766038d4) Importer(2089858483,0ecaa5967403d082aa24f35e1b516d23)
Start importing Assets/Scripts/PauseChannel.cs using Guid(4f1379c2f414b434290b302f766038d4) Importer(2089858483,0ecaa5967403d082aa24f35e1b516d23) [PhysX] Initialized MultithreadedTaskDispatcher with 16 workers.
 -> (artifact id: '535f8cf80aaeaa40f0a9778b5c259ede') in 0.005505 seconds
Number of updated asset objects reloaded before import = 0
Number of asset objects unloaded after import = 1
========================================================================
Received Import Request.
  Time since last request: 0.000032 seconds.
  path: Assets/Prefabs/Tutorial Steps/Exhibitions_Controls/Exhibitions_TutorialStep_05.prefab
  artifactKey: Guid(25e9d59181ed28f468c49d36d0b2db22) Importer(2089858483,0ecaa5967403d082aa24f35e1b516d23)
Start importing Assets/Prefabs/Tutorial Steps/Exhibitions_Controls/Exhibitions_TutorialStep_05.prefab using Guid(25e9d59181ed28f468c49d36d0b2db22) Importer(2089858483,0ecaa5967403d082aa24f35e1b516d23) [PhysX] Initialized MultithreadedTaskDispatcher with 16 workers.
 -> (artifact id: 'cb7f52d6affa9942cbb7919f2996de5e') in 0.012261 seconds
Number of updated asset objects reloaded before import = 0
Number of asset objects unloaded after import = 6
========================================================================
Received Import Request.
  Time since last request: 0.000024 seconds.
  path: Assets/Scripts/UI/OptionsMenu.cs
  artifactKey: Guid(81e8ca6b1ab30154ea7f0042811346af) Importer(2089858483,0ecaa5967403d082aa24f35e1b516d23)
Start importing Assets/Scripts/UI/OptionsMenu.cs using Guid(81e8ca6b1ab30154ea7f0042811346af) Importer(2089858483,0ecaa5967403d082aa24f35e1b516d23) [PhysX] Initialized MultithreadedTaskDispatcher with 16 workers.
 -> (artifact id: 'ff26f3d42c642b70a0fcf896fd492625') in 0.007399 seconds
Number of updated asset objects reloaded before import = 0
Number of asset objects unloaded after import = 1
========================================================================
Received Import Request.
  Time since last request: 0.000018 seconds.
  path: Assets/Prefabs/Tutorial Steps/Duel/Duel_TutorialStepData_09.asset
  artifactKey: Guid(fcc5c8581c3006f43afe8439f8a592bb) Importer(2089858483,0ecaa5967403d082aa24f35e1b516d23)
Start importing Assets/Prefabs/Tutorial Steps/Duel/Duel_TutorialStepData_09.asset using Guid(fcc5c8581c3006f43afe8439f8a592bb) Importer(2089858483,0ecaa5967403d082aa24f35e1b516d23) [PhysX] Initialized MultithreadedTaskDispatcher with 16 workers.
 -> (artifact id: 'cc0ca394db0bdf7a227c3dd4550b4cfe') in 0.005954 seconds
Number of updated asset objects reloaded before import = 0
Number of asset objects unloaded after import = 1
========================================================================
Received Import Request.
  Time since last request: 0.000019 seconds.
  path: Assets/Prefabs/Tutorial Steps/Duel/Duel_TutorialStep_07.prefab
  artifactKey: Guid(4a7e71f97abd0024ea81da57a0da155b) Importer(2089858483,0ecaa5967403d082aa24f35e1b516d23)
Start importing Assets/Prefabs/Tutorial Steps/Duel/Duel_TutorialStep_07.prefab using Guid(4a7e71f97abd0024ea81da57a0da155b) Importer(2089858483,0ecaa5967403d082aa24f35e1b516d23) [PhysX] Initialized MultithreadedTaskDispatcher with 16 workers.
 -> (artifact id: 'd7877e5145787ee8118f56a4c658167b') in 0.009189 seconds
Number of updated asset objects reloaded before import = 0
Number of asset objects unloaded after import = 6
========================================================================
Received Import Request.
  Time since last request: 0.000016 seconds.
  path: Assets/Prefabs/Tutorial Steps/Duel/Duel_TutorialStep_03.prefab
  artifactKey: Guid(85af67e221de94b43aaab263f3da3160) Importer(2089858483,0ecaa5967403d082aa24f35e1b516d23)
Start importing Assets/Prefabs/Tutorial Steps/Duel/Duel_TutorialStep_03.prefab using Guid(85af67e221de94b43aaab263f3da3160) Importer(2089858483,0ecaa5967403d082aa24f35e1b516d23) [PhysX] Initialized MultithreadedTaskDispatcher with 16 workers.
 -> (artifact id: 'b9d6bcb212bca1e2e99f2bc94d2f7582') in 0.008365 seconds
Number of updated asset objects reloaded before import = 0
Number of asset objects unloaded after import = 6
========================================================================
Received Import Request.
  Time since last request: 0.000019 seconds.
  path: Assets/Scripts/Tutorial/Steps/Duel_Controls/DuelTutorialStep00.cs
  artifactKey: Guid(b6299dae713cac24595e46fcf223b82e) Importer(2089858483,0ecaa5967403d082aa24f35e1b516d23)
Start importing Assets/Scripts/Tutorial/Steps/Duel_Controls/DuelTutorialStep00.cs using Guid(b6299dae713cac24595e46fcf223b82e) Importer(2089858483,0ecaa5967403d082aa24f35e1b516d23) [PhysX] Initialized MultithreadedTaskDispatcher with 16 workers.
 -> (artifact id: '97d14b2c8eba7d74eb3ef7cc4dad8dce') in 0.006035 seconds
Number of updated asset objects reloaded before import = 0
Number of asset objects unloaded after import = 1
========================================================================
Received Import Request.
  Time since last request: 0.000029 seconds.
  path: Assets/Prefabs/Tutorial Steps/Duel/Duel_TutorialStepData_05.asset
  artifactKey: Guid(e5e416250b4393d4cbb52ecd59c389e6) Importer(2089858483,0ecaa5967403d082aa24f35e1b516d23)
Start importing Assets/Prefabs/Tutorial Steps/Duel/Duel_TutorialStepData_05.asset using Guid(e5e416250b4393d4cbb52ecd59c389e6) Importer(2089858483,0ecaa5967403d082aa24f35e1b516d23) [PhysX] Initialized MultithreadedTaskDispatcher with 16 workers.
 -> (artifact id: 'eaaf6e4ccd3da06f428696afb8b6a239') in 0.006315 seconds
Number of updated asset objects reloaded before import = 0
Number of asset objects unloaded after import = 1
========================================================================
Received Import Request.
  Time since last request: 0.000019 seconds.
  path: Assets/Prefabs/Tutorial Steps/Duel/Duel_TutorialStep_01.prefab
  artifactKey: Guid(99d8017cb0da6d448b1378880828a91a) Importer(2089858483,0ecaa5967403d082aa24f35e1b516d23)
Start importing Assets/Prefabs/Tutorial Steps/Duel/Duel_TutorialStep_01.prefab using Guid(99d8017cb0da6d448b1378880828a91a) Importer(2089858483,0ecaa5967403d082aa24f35e1b516d23) [PhysX] Initialized MultithreadedTaskDispatcher with 16 workers.
 -> (artifact id: '3a5f0c2cb51ceccb1c47c88074f8ad7f') in 0.008577 seconds
Number of updated asset objects reloaded before import = 0
Number of asset objects unloaded after import = 6
========================================================================
Received Import Request.
  Time since last request: 0.000021 seconds.
  path: Assets/Prefabs/Tutorial Steps/Duel/Duel_TutorialStep_10.prefab
  artifactKey: Guid(9c02f5c1ce12f154a9b755c230e6cbbb) Importer(2089858483,0ecaa5967403d082aa24f35e1b516d23)
Start importing Assets/Prefabs/Tutorial Steps/Duel/Duel_TutorialStep_10.prefab using Guid(9c02f5c1ce12f154a9b755c230e6cbbb) Importer(2089858483,0ecaa5967403d082aa24f35e1b516d23) [PhysX] Initialized MultithreadedTaskDispatcher with 16 workers.
 -> (artifact id: 'f0491501b1e6ae357a980053cbf8cc60') in 0.022870 seconds
Number of updated asset objects reloaded before import = 0
Number of asset objects unloaded after import = 6
========================================================================
Received Import Request.
  Time since last request: 0.000021 seconds.
  path: Assets/Prefabs/Tutorial Steps/Duel/Duel_TutorialStepData_03.asset
  artifactKey: Guid(38e7c08dda285fe40879fa5eadd1216c) Importer(2089858483,0ecaa5967403d082aa24f35e1b516d23)
Start importing Assets/Prefabs/Tutorial Steps/Duel/Duel_TutorialStepData_03.asset using Guid(38e7c08dda285fe40879fa5eadd1216c) Importer(2089858483,0ecaa5967403d082aa24f35e1b516d23) [PhysX] Initialized MultithreadedTaskDispatcher with 16 workers.
 -> (artifact id: '79f695983491d8f694bb15a12038d2d8') in 0.006433 seconds
Number of updated asset objects reloaded before import = 0
Number of asset objects unloaded after import = 1
========================================================================
Received Import Request.
  Time since last request: 0.000021 seconds.
  path: Assets/Prefabs/PlayersManager.prefab
  artifactKey: Guid(09830e195313fef42aea4c65a5641ca8) Importer(2089858483,0ecaa5967403d082aa24f35e1b516d23)
Start importing Assets/Prefabs/PlayersManager.prefab using Guid(09830e195313fef42aea4c65a5641ca8) Importer(2089858483,0ecaa5967403d082aa24f35e1b516d23) [PhysX] Initialized MultithreadedTaskDispatcher with 16 workers.
 -> (artifact id: '3683270e91f8932ba22bcb132af53d86') in 0.261466 seconds
Number of updated asset objects reloaded before import = 0
Number of asset objects unloaded after import = 37
========================================================================
Received Import Request.
  Time since last request: 0.000023 seconds.
  path: Assets/Prefabs/Tutorial Steps/Exhibitions_Controls/Exhibitions_TutorialStep_03.prefab
  artifactKey: Guid(16a29e701c3983a49a5d31b9e26bd74b) Importer(2089858483,0ecaa5967403d082aa24f35e1b516d23)
Start importing Assets/Prefabs/Tutorial Steps/Exhibitions_Controls/Exhibitions_TutorialStep_03.prefab using Guid(16a29e701c3983a49a5d31b9e26bd74b) Importer(2089858483,0ecaa5967403d082aa24f35e1b516d23) [PhysX] Initialized MultithreadedTaskDispatcher with 16 workers.
 -> (artifact id: '0e93c1d08e37427dc26f6a3b88537212') in 0.009083 seconds
Number of updated asset objects reloaded before import = 0
Number of asset objects unloaded after import = 6
========================================================================
Received Import Request.
  Time since last request: 0.000030 seconds.
  path: Assets/Scripts/DuelMode/Note.cs
  artifactKey: Guid(fefdf31f987c79e499b2813c9ba5a071) Importer(2089858483,0ecaa5967403d082aa24f35e1b516d23)
Start importing Assets/Scripts/DuelMode/Note.cs using Guid(fefdf31f987c79e499b2813c9ba5a071) Importer(2089858483,0ecaa5967403d082aa24f35e1b516d23) [PhysX] Initialized MultithreadedTaskDispatcher with 16 workers.
 -> (artifact id: '5577ea0d145ea6de8d8a4bdf56850781') in 0.005566 seconds
Number of updated asset objects reloaded before import = 0
Number of asset objects unloaded after import = 1
========================================================================
Received Import Request.
  Time since last request: 0.000018 seconds.
  path: Assets/TutorialStepData_02_Keytar_1.asset
  artifactKey: Guid(9af771407c24d72488126a640ab2d0ec) Importer(2089858483,0ecaa5967403d082aa24f35e1b516d23)
Start importing Assets/TutorialStepData_02_Keytar_1.asset using Guid(9af771407c24d72488126a640ab2d0ec) Importer(2089858483,0ecaa5967403d082aa24f35e1b516d23) [PhysX] Initialized MultithreadedTaskDispatcher with 16 workers.
 -> (artifact id: 'c32d77da66c531a33ca19f9ada31776e') in 0.008030 seconds
Number of updated asset objects reloaded before import = 0
Number of asset objects unloaded after import = 1
========================================================================
Received Import Request.
  Time since last request: 0.000025 seconds.
  path: Assets/Prefabs/Tutorial Steps/Controls/TutorialStepData_00.asset
  artifactKey: Guid(09b450eabaf181945b038b9e31677576) Importer(2089858483,0ecaa5967403d082aa24f35e1b516d23)
Start importing Assets/Prefabs/Tutorial Steps/Controls/TutorialStepData_00.asset using Guid(09b450eabaf181945b038b9e31677576) Importer(2089858483,0ecaa5967403d082aa24f35e1b516d23) [PhysX] Initialized MultithreadedTaskDispatcher with 16 workers.
 -> (artifact id: 'be0590dd1decf2e4d57a3fcf83f9283f') in 0.006666 seconds
Number of updated asset objects reloaded before import = 0
Number of asset objects unloaded after import = 1
========================================================================
Received Import Request.
  Time since last request: 0.000019 seconds.
  path: Assets/Prefabs/Tutorial Steps
  artifactKey: Guid(37c05970177450f4bb70f36ed9d9a4ba) Importer(2089858483,0ecaa5967403d082aa24f35e1b516d23)
Start importing Assets/Prefabs/Tutorial Steps using Guid(37c05970177450f4bb70f36ed9d9a4ba) Importer(2089858483,0ecaa5967403d082aa24f35e1b516d23) [PhysX] Initialized MultithreadedTaskDispatcher with 16 workers.
 -> (artifact id: 'cac03740ff6c3c24af4ab7e773f1be5b') in 0.004803 seconds
Number of updated asset objects reloaded before import = 0
Number of asset objects unloaded after import = 1
========================================================================
Received Import Request.
  Time since last request: 0.000019 seconds.
  path: Assets/Prefabs/Tutorial Steps/Duel/Duel_TutorialStepData_07.asset
  artifactKey: Guid(d370a7d582042134798e697aac2ac278) Importer(2089858483,0ecaa5967403d082aa24f35e1b516d23)
Start importing Assets/Prefabs/Tutorial Steps/Duel/Duel_TutorialStepData_07.asset using Guid(d370a7d582042134798e697aac2ac278) Importer(2089858483,0ecaa5967403d082aa24f35e1b516d23) [PhysX] Initialized MultithreadedTaskDispatcher with 16 workers.
 -> (artifact id: 'e7c2a065c2ed6e92c4a3fe845527bbff') in 0.006247 seconds
Number of updated asset objects reloaded before import = 0
Number of asset objects unloaded after import = 1
========================================================================
Received Import Request.
  Time since last request: 0.000022 seconds.
  path: Assets/Prefabs/ArrowsPool.prefab
  artifactKey: Guid(c7e807b079db62e4e8b081c5a762e1f8) Importer(2089858483,0ecaa5967403d082aa24f35e1b516d23)
Start importing Assets/Prefabs/ArrowsPool.prefab using Guid(c7e807b079db62e4e8b081c5a762e1f8) Importer(2089858483,0ecaa5967403d082aa24f35e1b516d23) [PhysX] Initialized MultithreadedTaskDispatcher with 16 workers.
 -> (artifact id: '94e7e1586f0352df9fc7de9990425012') in 0.017693 seconds
Number of updated asset objects reloaded before import = 0
Number of asset objects unloaded after import = 1567
========================================================================
Received Import Request.
  Time since last request: 0.000025 seconds.
  path: Assets/Scripts/Tutorial/Steps/Exhibitions_Controls
  artifactKey: Guid(fb4c301a2d337484490f359a2d560a1a) Importer(2089858483,0ecaa5967403d082aa24f35e1b516d23)
Start importing Assets/Scripts/Tutorial/Steps/Exhibitions_Controls using Guid(fb4c301a2d337484490f359a2d560a1a) Importer(2089858483,0ecaa5967403d082aa24f35e1b516d23) [PhysX] Initialized MultithreadedTaskDispatcher with 16 workers.
 -> (artifact id: '64a3fe06a5876a7365d071d4892b94b6') in 0.005971 seconds
Number of updated asset objects reloaded before import = 0
Number of asset objects unloaded after import = 1
========================================================================
Received Import Request.
  Time since last request: 0.000020 seconds.
  path: Assets/Prefabs/Tutorial Steps/Controls/TutorialStepData_02_Arrows_2.asset
  artifactKey: Guid(657bc0c965486b34e970e4108f0a5c93) Importer(2089858483,0ecaa5967403d082aa24f35e1b516d23)
Start importing Assets/Prefabs/Tutorial Steps/Controls/TutorialStepData_02_Arrows_2.asset using Guid(657bc0c965486b34e970e4108f0a5c93) Importer(2089858483,0ecaa5967403d082aa24f35e1b516d23) [PhysX] Initialized MultithreadedTaskDispatcher with 16 workers.
 -> (artifact id: '9f02910144f8c80d618b8785f81c7d5a') in 0.008314 seconds
Number of updated asset objects reloaded before import = 0
Number of asset objects unloaded after import = 1
========================================================================
Received Import Request.
  Time since last request: 0.000024 seconds.
  path: Assets/Prefabs/Tutorial Steps/Exhibitions_Controls/Exhibitions_TutorialStepData_02.asset
  artifactKey: Guid(828bde68f57231842948776249aed9e8) Importer(2089858483,0ecaa5967403d082aa24f35e1b516d23)
Start importing Assets/Prefabs/Tutorial Steps/Exhibitions_Controls/Exhibitions_TutorialStepData_02.asset using Guid(828bde68f57231842948776249aed9e8) Importer(2089858483,0ecaa5967403d082aa24f35e1b516d23) [PhysX] Initialized MultithreadedTaskDispatcher with 16 workers.
 -> (artifact id: 'ceb68af080caba23896534a9cbc6366f') in 0.008309 seconds
Number of updated asset objects reloaded before import = 0
Number of asset objects unloaded after import = 16
========================================================================
Received Import Request.
  Time since last request: 0.000021 seconds.
  path: Assets/Scripts/PauseChannel.asset
  artifactKey: Guid(746f83a741497f74ebcc275e378bfd22) Importer(2089858483,0ecaa5967403d082aa24f35e1b516d23)
Start importing Assets/Scripts/PauseChannel.asset using Guid(746f83a741497f74ebcc275e378bfd22) Importer(2089858483,0ecaa5967403d082aa24f35e1b516d23) [PhysX] Initialized MultithreadedTaskDispatcher with 16 workers.
 -> (artifact id: 'ad441c78bb1bcb61dd558cabd4e740ad') in 0.005740 seconds
Number of updated asset objects reloaded before import = 0
Number of asset objects unloaded after import = 1
========================================================================
Received Import Request.
  Time since last request: 0.000018 seconds.
  path: Assets/Prefabs/Tutorial Steps/TutorialStep_Template.prefab
  artifactKey: Guid(72aa9b2f03d65ba44afd951ffe8f63bb) Importer(2089858483,0ecaa5967403d082aa24f35e1b516d23)
Start importing Assets/Prefabs/Tutorial Steps/TutorialStep_Template.prefab using Guid(72aa9b2f03d65ba44afd951ffe8f63bb) Importer(2089858483,0ecaa5967403d082aa24f35e1b516d23) [PhysX] Initialized MultithreadedTaskDispatcher with 16 workers.
 -> (artifact id: '5b35a47f9e5f1a35fdf0b243dadb0e5a') in 0.022198 seconds
Number of updated asset objects reloaded before import = 0
Number of asset objects unloaded after import = 5
========================================================================
Received Import Request.
  Time since last request: 0.000022 seconds.
  path: Assets/Prefabs/Tutorial Steps/Controls/TutorialStep_04.prefab
  artifactKey: Guid(4bb8a0f18e871e14eb0880ac948c802f) Importer(2089858483,0ecaa5967403d082aa24f35e1b516d23)
Start importing Assets/Prefabs/Tutorial Steps/Controls/TutorialStep_04.prefab using Guid(4bb8a0f18e871e14eb0880ac948c802f) Importer(2089858483,0ecaa5967403d082aa24f35e1b516d23) [PhysX] Initialized MultithreadedTaskDispatcher with 16 workers.
 -> (artifact id: '5d4b96af5cc99e70eecba09956587970') in 0.008805 seconds
Number of updated asset objects reloaded before import = 0
Number of asset objects unloaded after import = 5
========================================================================
Received Import Request.
  Time since last request: 0.000027 seconds.
  path: Assets/Scenes/Dual.unity
  artifactKey: Guid(2cda990e2423bbf4892e6590ba056729) Importer(2089858483,0ecaa5967403d082aa24f35e1b516d23)
Start importing Assets/Scenes/Dual.unity using Guid(2cda990e2423bbf4892e6590ba056729) Importer(2089858483,0ecaa5967403d082aa24f35e1b516d23) [PhysX] Initialized MultithreadedTaskDispatcher with 16 workers.
 -> (artifact id: 'ad3392e2d6fa7f1b0f6913d854f2c726') in 0.004110 seconds
Number of updated asset objects reloaded before import = 0
Number of asset objects unloaded after import = 1
========================================================================
Received Import Request.
  Time since last request: 0.000017 seconds.
  path: Assets/Prefabs/Tutorial Configs/TutorialConfigChannel.asset
  artifactKey: Guid(0a8b2f345eaf6954bb0fa3ea8a0d3891) Importer(2089858483,0ecaa5967403d082aa24f35e1b516d23)
Start importing Assets/Prefabs/Tutorial Configs/TutorialConfigChannel.asset using Guid(0a8b2f345eaf6954bb0fa3ea8a0d3891) Importer(2089858483,0ecaa5967403d082aa24f35e1b516d23) [PhysX] Initialized MultithreadedTaskDispatcher with 16 workers.
 -> (artifact id: '03ae3476f97049f4c2fd7a8d230c4377') in 0.006229 seconds
Number of updated asset objects reloaded before import = 0
Number of asset objects unloaded after import = 1
========================================================================
Received Import Request.
  Time since last request: 0.000022 seconds.
  path: Assets/Prefabs/Tutorial Steps/Exhibitions_Controls/Exhibitions_TutorialStep_04.prefab
  artifactKey: Guid(9e0b64b5e4b37024a8cdce2e244375e6) Importer(2089858483,0ecaa5967403d082aa24f35e1b516d23)
Start importing Assets/Prefabs/Tutorial Steps/Exhibitions_Controls/Exhibitions_TutorialStep_04.prefab using Guid(9e0b64b5e4b37024a8cdce2e244375e6) Importer(2089858483,0ecaa5967403d082aa24f35e1b516d23) [PhysX] Initialized MultithreadedTaskDispatcher with 16 workers.
 -> (artifact id: '54b75ac5cb3f554b81b087346048d6c4') in 0.010228 seconds
Number of updated asset objects reloaded before import = 0
Number of asset objects unloaded after import = 21
========================================================================
Received Import Request.
  Time since last request: 0.000017 seconds.
  path: Assets/Prefabs/Tutorial Steps/Controls
  artifactKey: Guid(249224aff4b05d441a67afc350d5c19b) Importer(2089858483,0ecaa5967403d082aa24f35e1b516d23)
Start importing Assets/Prefabs/Tutorial Steps/Controls using Guid(249224aff4b05d441a67afc350d5c19b) Importer(2089858483,0ecaa5967403d082aa24f35e1b516d23) [PhysX] Initialized MultithreadedTaskDispatcher with 16 workers.
 -> (artifact id: '377d89e2491b5b026b0aa8f1d3db83c2') in 0.004260 seconds
Number of updated asset objects reloaded before import = 0
Number of asset objects unloaded after import = 1
========================================================================
Received Import Request.
  Time since last request: 0.000016 seconds.
  path: Assets/Prefabs/Tutorial Steps/Duel/Duel_TutorialStep_00.prefab
  artifactKey: Guid(67fe32c35cef52740a23dc3d2cde6a45) Importer(2089858483,0ecaa5967403d082aa24f35e1b516d23)
Start importing Assets/Prefabs/Tutorial Steps/Duel/Duel_TutorialStep_00.prefab using Guid(67fe32c35cef52740a23dc3d2cde6a45) Importer(2089858483,0ecaa5967403d082aa24f35e1b516d23) [PhysX] Initialized MultithreadedTaskDispatcher with 16 workers.
 -> (artifact id: '47959c45a761974ad9d0f415ec878215') in 0.019490 seconds
Number of updated asset objects reloaded before import = 0
Number of asset objects unloaded after import = 93
========================================================================
Received Import Request.
  Time since last request: 0.000024 seconds.
  path: Assets/Scripts/UI/PauseMenu.cs
  artifactKey: Guid(f4447acee4121e9429419ca81deac445) Importer(2089858483,0ecaa5967403d082aa24f35e1b516d23)
Start importing Assets/Scripts/UI/PauseMenu.cs using Guid(f4447acee4121e9429419ca81deac445) Importer(2089858483,0ecaa5967403d082aa24f35e1b516d23) [PhysX] Initialized MultithreadedTaskDispatcher with 16 workers.
 -> (artifact id: '412e9063542df73a2459ffae743e1c7e') in 0.005268 seconds
Number of updated asset objects reloaded before import = 0
Number of asset objects unloaded after import = 1
========================================================================
Received Import Request.
  Time since last request: 0.000021 seconds.
  path: Assets/Prefabs/Tutorial Steps/Exhibitions_Controls/Exhibitions_TutorialStepData_05.asset
  artifactKey: Guid(f3bfea0ea9944aa40ad549071801ac49) Importer(2089858483,0ecaa5967403d082aa24f35e1b516d23)
Start importing Assets/Prefabs/Tutorial Steps/Exhibitions_Controls/Exhibitions_TutorialStepData_05.asset using Guid(f3bfea0ea9944aa40ad549071801ac49) Importer(2089858483,0ecaa5967403d082aa24f35e1b516d23) [PhysX] Initialized MultithreadedTaskDispatcher with 16 workers.
 -> (artifact id: '75f03567180ae6be556d397d35d2b7dd') in 0.006138 seconds
Number of updated asset objects reloaded before import = 0
Number of asset objects unloaded after import = 1
========================================================================
Received Import Request.
  Time since last request: 0.000020 seconds.
  path: Assets/Art/howToHoldKeyboard.png
  artifactKey: Guid(5fa64bddea9cc7241acad694ea4170e2) Importer(2089858483,0ecaa5967403d082aa24f35e1b516d23)
Start importing Assets/Art/howToHoldKeyboard.png using Guid(5fa64bddea9cc7241acad694ea4170e2) Importer(2089858483,0ecaa5967403d082aa24f35e1b516d23) [PhysX] Initialized MultithreadedTaskDispatcher with 16 workers.
 -> (artifact id: '4997de2a87b3f65f75a077eb0fbab1fe') in 0.087455 seconds
Number of updated asset objects reloaded before import = 0
Number of asset objects unloaded after import = 3
========================================================================
Received Import Request.
  Time since last request: 0.000028 seconds.
  path: Assets/Scripts/Tutorial/Steps/Exhibitions_Controls/ExhibitionsControlsTutorialStep04.cs
  artifactKey: Guid(af94ce172a1441f47a0de5a6c8e0dd38) Importer(2089858483,0ecaa5967403d082aa24f35e1b516d23)
Start importing Assets/Scripts/Tutorial/Steps/Exhibitions_Controls/ExhibitionsControlsTutorialStep04.cs using Guid(af94ce172a1441f47a0de5a6c8e0dd38) Importer(2089858483,0ecaa5967403d082aa24f35e1b516d23) [PhysX] Initialized MultithreadedTaskDispatcher with 16 workers.
 -> (artifact id: '0664005e6b60ba08056ecb8ebb2812dc') in 0.005908 seconds
Number of updated asset objects reloaded before import = 0
Number of asset objects unloaded after import = 1
========================================================================
Received Import Request.
  Time since last request: 0.000028 seconds.
  path: Assets/Prefabs/Tutorial Steps/Exhibitions_Controls/Exhibitions_TutorialStep_01.prefab
  artifactKey: Guid(6a8751c38fc58f7459b3dead27604b23) Importer(2089858483,0ecaa5967403d082aa24f35e1b516d23)
Start importing Assets/Prefabs/Tutorial Steps/Exhibitions_Controls/Exhibitions_TutorialStep_01.prefab using Guid(6a8751c38fc58f7459b3dead27604b23) Importer(2089858483,0ecaa5967403d082aa24f35e1b516d23) [PhysX] Initialized MultithreadedTaskDispatcher with 16 workers.
 -> (artifact id: '20f0708107e4da6dd2f691b83ea02431') in 0.008778 seconds
Number of updated asset objects reloaded before import = 0
Number of asset objects unloaded after import = 6
========================================================================
Received Import Request.
  Time since last request: 0.000020 seconds.
  path: Assets/Prefabs/Tutorial Steps/Controls/TutorialStep_01.prefab
  artifactKey: Guid(89549ff80a9a7394cab38b9e8fbe9f4c) Importer(2089858483,0ecaa5967403d082aa24f35e1b516d23)
Start importing Assets/Prefabs/Tutorial Steps/Controls/TutorialStep_01.prefab using Guid(89549ff80a9a7394cab38b9e8fbe9f4c) Importer(2089858483,0ecaa5967403d082aa24f35e1b516d23) [PhysX] Initialized MultithreadedTaskDispatcher with 16 workers.
 -> (artifact id: 'f68f525193b777eda4d80b52d85eb5fc') in 0.009212 seconds
Number of updated asset objects reloaded before import = 0
Number of asset objects unloaded after import = 6
========================================================================
Received Import Request.
  Time since last request: 0.000018 seconds.
  path: Assets/Prefabs/Tutorial Steps/Exhibitions_Controls/Exhibitions_TutorialStep_02.prefab
  artifactKey: Guid(7ea9cb7063573884183b19952eca985c) Importer(2089858483,0ecaa5967403d082aa24f35e1b516d23)
Start importing Assets/Prefabs/Tutorial Steps/Exhibitions_Controls/Exhibitions_TutorialStep_02.prefab using Guid(7ea9cb7063573884183b19952eca985c) Importer(2089858483,0ecaa5967403d082aa24f35e1b516d23) [PhysX] Initialized MultithreadedTaskDispatcher with 16 workers.
 -> (artifact id: '5ef2945f5fd98aba361a75b469e45333') in 0.010037 seconds
Number of updated asset objects reloaded before import = 0
Number of asset objects unloaded after import = 21
========================================================================
Received Import Request.
  Time since last request: 0.000019 seconds.
  path: Assets/Audio/SoundsSets/Zap-PlaceHolder/2-Zap.wav
  artifactKey: Guid(ae225b0e21fc4c94cb7ff6accdab538a) Importer(2089858483,0ecaa5967403d082aa24f35e1b516d23)
Start importing Assets/Audio/SoundsSets/Zap-PlaceHolder/2-Zap.wav using Guid(ae225b0e21fc4c94cb7ff6accdab538a) Importer(2089858483,0ecaa5967403d082aa24f35e1b516d23) [PhysX] Initialized MultithreadedTaskDispatcher with 16 workers.
 -> (artifact id: '87f579d8f107ae90f5659dd901812a18') in 0.025759 seconds
Number of updated asset objects reloaded before import = 0
Number of asset objects unloaded after import = 1
========================================================================
Received Import Request.
  Time since last request: 0.000019 seconds.
  path: Assets/Prefabs/Tutorial Steps/Exhibitions_Controls/Exhibitions_TutorialStepData_10.asset
  artifactKey: Guid(ac5237fce287d874498e1878ba74db11) Importer(2089858483,0ecaa5967403d082aa24f35e1b516d23)
Start importing Assets/Prefabs/Tutorial Steps/Exhibitions_Controls/Exhibitions_TutorialStepData_10.asset using Guid(ac5237fce287d874498e1878ba74db11) Importer(2089858483,0ecaa5967403d082aa24f35e1b516d23) [PhysX] Initialized MultithreadedTaskDispatcher with 16 workers.
 -> (artifact id: '47aa7a2fa2739e47899190ae29ecdbf3') in 0.020174 seconds
Number of updated asset objects reloaded before import = 0
Number of asset objects unloaded after import = 1
========================================================================
Received Import Request.
  Time since last request: 0.000017 seconds.
  path: Assets/Audio/SoundsSets
  artifactKey: Guid(9dfce7dc6e4c0374cbeb85bff65ef4bb) Importer(2089858483,0ecaa5967403d082aa24f35e1b516d23)
Start importing Assets/Audio/SoundsSets using Guid(9dfce7dc6e4c0374cbeb85bff65ef4bb) Importer(2089858483,0ecaa5967403d082aa24f35e1b516d23) [PhysX] Initialized MultithreadedTaskDispatcher with 16 workers.
 -> (artifact id: '63ab764565c6968c127ba03ed9c05c22') in 0.004492 seconds
Number of updated asset objects reloaded before import = 0
Number of asset objects unloaded after import = 1
========================================================================
Received Import Request.
  Time since last request: 0.000021 seconds.
  path: Assets/Scripts/Parameters.asset
  artifactKey: Guid(a81dc9dbbe1494946b7cb4d1a8c13516) Importer(2089858483,0ecaa5967403d082aa24f35e1b516d23)
Start importing Assets/Scripts/Parameters.asset using Guid(a81dc9dbbe1494946b7cb4d1a8c13516) Importer(2089858483,0ecaa5967403d082aa24f35e1b516d23) [PhysX] Initialized MultithreadedTaskDispatcher with 16 workers.
 -> (artifact id: '2cc6ebbd4b608e7e8d450f9da53145d7') in 0.011891 seconds
Number of updated asset objects reloaded before import = 0
Number of asset objects unloaded after import = 22
========================================================================
Received Import Request.
  Time since last request: 0.000019 seconds.
  path: Assets/Scripts/Tutorial/Steps/Duel_Controls/DuelTutorialStep06.cs
  artifactKey: Guid(c64371e3fd6fb5e48becf6b0162508e0) Importer(2089858483,0ecaa5967403d082aa24f35e1b516d23)
Start importing Assets/Scripts/Tutorial/Steps/Duel_Controls/DuelTutorialStep06.cs using Guid(c64371e3fd6fb5e48becf6b0162508e0) Importer(2089858483,0ecaa5967403d082aa24f35e1b516d23) [PhysX] Initialized MultithreadedTaskDispatcher with 16 workers.
 -> (artifact id: 'fccea7155f5bb8b4ae6ba1490758f11d') in 0.005726 seconds
Number of updated asset objects reloaded before import = 0
Number of asset objects unloaded after import = 1
Editor requested this worker to shutdown with reason: Scaling down because of idle timeout
TcpMessagingSession - receive error: operation aborted. errorcode: 995, details: The I/O operation has been aborted because of either a thread exit or an application request.
AssetImportWorker is now disconnected from the server
Process exiting
Exiting without the bug reporter. Application will terminate with return code 0